,match_id,player_slot,assists,deaths,denies,duration,tower_damage,gold_per_min,hero_damage,hero_id,last_hits,level,kills,xp_per_min,kda,hero_healing,abandons,win
0,6003387418,0,1,4,0,1016,2187,431,7174,23,71,11,6,423,1,0,0,1
1,6003387418,1,3,0,9,1016,3420,468,9565,11,83,12,4,452,7,0,0,1
2,6003387418,2,2,1,1,1016,3171,363,173,38,61,9,0,288,1,0,0,1
3,6003387418,3,7,2,3,1016,3082,326,5902,62,18,9,1,273,2,0,0,1
4,6003387418,4,2,2,8,1016,3740,443,5446,53,78,9,4,315,2,0,0,1
5,6003387418,128,0,1,6,1016,0,290,440,82,72,9,0,273,0,0,0,0
6,6003387418,129,3,2,0,1016,0,289,5569,101,9,7,2,192,1,0,0,0
7,6003387418,130,3,7,5,1016,0,240,2383,42,39,8,1,223,0,0,1,0
8,6003387418,131,1,4,1,1016,0,692,4506,32,16,9,4,323,1,0,0,0
9,6003387418,132,3,2,0,1016,0,279,2231,87,2,6,1,143,1,0,0,0
0,6003387606,0,4,0,2,1060,1537,303,7240,101,15,9,5,283,9,0,0,1
1,6003387606,1,5,2,8,1060,2553,476,7785,99,96,11,5,409,3,0,0,1
2,6003387606,2,1,0,18,1060,9118,552,7405,76,124,14,5,578,6,0,0,1
3,6003387606,3,1,1,10,1060,349,514,6008,109,139,13,5,496,3,0,0,1
4,6003387606,4,6,1,3,1060,1181,259,3885,26,17,10,1,346,3,0,0,1
5,6003387606,128,1,3,0,1060,0,237,1646,106,59,8,0,224,0,0,1,0
6,6003387606,129,1,7,1,1060,0,225,3313,25,20,7,1,175,0,0,0,0
7,6003387606,130,1,7,2,1060,228,269,2067,93,66,9,0,302,0,0,0,0
8,6003387606,131,1,3,3,1060,0,173,5319,86,12,8,1,250,0,400,0,0
9,6003387606,132,1,1,2,1060,0,257,3193,135,62,9,1,263,1,400,0,0
0,6003387418,0,1,4,0,1016,2187,431,7174,23,71,11,6,423,1,0,0,1
1,6003387418,1,3,0,9,1016,3420,468,9565,11,83,12,4,452,7,0,0,1
2,6003387418,2,2,1,1,1016,3171,363,173,38,61,9,0,288,1,0,0,1
3,6003387418,3,7,2,3,1016,3082,326,5902,62,18,9,1,273,2,0,0,1
4,6003387418,4,2,2,8,1016,3740,443,5446,53,78,9,4,315,2,0,0,1
5,6003387418,128,0,1,6,1016,0,290,440,82,72,9,0,273,0,0,0,0
6,6003387418,129,3,2,0,1016,0,289,5569,101,9,7,2,192,1,0,0,0
7,6003387418,130,3,7,5,1016,0,240,2383,42,39,8,1,223,0,0,1,0
8,6003387418,131,1,4,1,1016,0,692,4506,32,16,9,4,323,1,0,0,0
9,6003387418,132,3,2,0,1016,0,279,2231,87,2,6,1,143,1,0,0,0
0,6003387401,0,13,0,0,638,1453,415,7188,7,9,7,8,310,21,0,0,1
1,6003387401,1,5,0,5,638,4084,564,5873,89,52,9,5,455,10,0,0,1
2,6003387401,2,12,0,5,638,5325,678,10358,13,59,9,11,443,23,0,0,1
3,6003387401,3,6,1,12,638,1947,612,5488,44,49,9,9,435,7,0,0,1
4,6003387401,4,17,0,1,638,1263,360,3385,112,6,7,3,347,20,5219,0,1
5,6003387401,128,1,11,0,638,0,146,957,93,10,4,0,106,0,0,1,0
6,6003387401,129,1,4,2,638,0,469,806,26,2,3,0,84,0,0,0,0
7,6003387401,130,0,8,0,638,0,146,1354,105,6,3,1,100,0,0,0,0
8,6003387401,131,0,8,1,638,0,185,1597,45,10,4,0,108,0,0,0,0
9,6003387401,132,0,7,3,638,0,176,1068,39,15,5,0,181,0,0,0,0
0,6003386715,0,1,1,2,723,0,190,2786,5,12,6,1,203,1,0,0,0
1,6003386715,1,2,0,18,723,0,400,1731,126,76,10,1,501,3,0,0,0
2,6003386715,2,2,2,0,723,0,324,1560,16,9,7,0,297,0,0,0,0
3,6003386715,3,1,1,9,723,395,367,4505,53,41,6,3,227,2,0,0,0
4,6003386715,4,0,4,15,723,0,226,1899,89,31,7,0,283,0,0,1,0
5,6003386715,128,2,1,14,723,0,322,2848,8,51,8,1,351,1,116,0,1
6,6003386715,129,0,0,1,723,349,413,1624,94,101,11,0,585,0,0,0,1
7,6003386715,130,1,1,9,723,0,171,4420,30,9,6,1,241,1,95,0,1
8,6003386715,131,3,1,10,723,0,256,2788,14,27,8,2,352,2,240,0,1
9,6003386715,132,2,3,0,723,0,258,6945,105,17,7,3,289,1,0,0,1
0,6003386214,0,16,2,0,1227,1578,304,5558,85,10,12,3,406,6,4496,0,1
1,6003386214,1,21,4,3,1227,245,347,8491,88,14,14,5,505,5,240,0,1
2,6003386214,2,4,1,27,1227,14734,714,16866,59,151,18,13,740,8,0,0,1
3,6003386214,3,8,3,10,1227,3267,539,16372,123,92,15,13,546,5,0,0,1
4,6003386214,4,9,1,10,1227,3932,554,11177,44,139,14,5,503,7,0,0,1
5,6003386214,128,3,7,7,1227,0,287,6391,97,67,12,1,407,0,0,0,0
6,6003386214,129,5,6,0,1227,0,171,5732,71,5,9,1,244,0,0,0,0
7,6003386214,130,4,6,4,1227,0,382,9113,6,85,13,3,444,1,0,0,0
8,6003386214,131,4,10,2,1227,0,273,4472,69,45,9,0,265,0,0,0,0
9,6003386214,132,3,10,3,1227,0,195,9942,30,20,10,3,273,0,0,0,0
0,6003386106,0,9,1,14,1467,16526,657,22491,59,142,21,13,819,11,0,0,1
1,6003386106,1,16,6,1,1467,2444,392,15671,128,34,16,7,532,3,400,0,1
2,6003386106,2,8,4,10,1467,883,530,16783,110,133,17,7,596,3,468,0,1
3,6003386106,3,6,7,10,1467,7869,636,15395,12,169,18,12,662,2,0,0,1
4,6003386106,4,8,0,8,1467,78,332,9070,88,29,14,4,405,12,0,0,1
5,6003386106,128,9,12,3,1467,0,246,8796,68,10,10,2,229,0,0,0,0
6,6003386106,129,2,5,15,1467,0,452,4747,1,177,16,3,531,0,0,0,0
7,6003386106,130,8,11,4,1467,0,276,11638,104,38,13,2,398,0,660,0,0
8,6003386106,131,4,9,3,1467,0,375,10669,44,89,15,5,491,0,0,0,0
9,6003386106,132,3,7,4,1467,50,311,18451,45,57,13,5,367,1,0,0,0
0,6003385915,0,6,2,1,884,0,245,6178,31,19,8,3,276,3,400,0,1
1,6003385915,1,4,3,0,884,25,379,9600,59,63,10,5,391,2,0,0,1
2,6003385915,2,2,1,6,884,824,366,3196,12,86,10,0,397,1,0,0,1
3,6003385915,3,7,1,0,884,166,166,2691,87,5,8,0,309,3,0,0,1
4,6003385915,4,1,0,9,884,1053,484,5280,129,101,11,6,490,7,0,0,1
5,6003385915,128,3,5,0,884,0,195,2357,14,5,6,2,165,0,0,0,0
6,6003385915,129,2,1,0,884,366,419,4247,47,66,11,0,473,1,0,0,0
7,6003385915,130,1,2,5,884,0,628,3883,109,126,11,2,495,1,0,0,0
8,6003385915,131,2,2,4,884,66,275,4966,98,45,8,0,275,0,0,0,0
9,6003385915,132,2,5,4,884,0,159,4388,107,6,7,1,213,0,0,1,0
0,6003384804,0,2,3,4,954,684,216,5080,84,10,7,0,222,0,0,0,1
1,6003384804,1,3,1,13,954,2084,341,2675,1,56,9,0,299,1,0,0,1
2,6003384804,2,12,0,12,954,4614,488,6309,16,92,11,3,462,15,0,0,1
3,6003384804,3,5,2,0,954,2251,419,8917,14,25,9,14,347,6,0,0,1
4,6003384804,4,3,1,20,954,3467,473,8989,76,84,13,4,553,3,0,0,1
5,6003384804,128,1,6,0,954,0,133,1823,90,0,4,0,77,0,28,1,0
6,6003384804,129,1,5,2,954,0,200,2789,12,16,4,0,102,0,0,0,0
7,6003384804,130,0,4,1,954,0,318,3478,106,39,8,2,284,0,115,0,0
8,6003384804,131,2,4,1,954,0,275,5247,25,5,8,2,245,0,463,0,0
9,6003384804,132,3,2,8,954,0,437,5332,135,92,10,1,362,1,218,0,0
0,6003383806,0,12,4,1,1497,11003,571,17852,53,141,17,5,554,3,0,0,1
1,6003383806,1,7,1,5,1497,9155,470,13327,49,95,17,9,562,8,0,0,1
2,6003383806,2,13,4,2,1497,1732,314,7514,120,38,13,1,374,2,230,0,1
3,6003383806,3,5,3,7,1497,2925,537,17218,2,113,16,13,507,4,0,0,1
4,6003383806,4,16,1,2,1497,571,336,15332,101,14,15,5,485,10,0,0,1
5,6003383806,128,2,6,7,1497,0,292,15879,86,83,13,3,362,0,0,0,0
6,6003383806,129,5,9,0,1497,0,275,1979,54,74,12,0,335,0,0,0,0
7,6003383806,130,6,5,1,1497,0,270,8081,102,61,13,3,382,1,544,0,0
8,6003383806,131,4,5,5,1497,0,332,9386,60,72,13,5,391,1,0,0,0
9,6003383806,132,3,8,4,1497,118,293,4993,95,78,15,2,448,0,0,0,0
0,6003383608,0,8,1,28,1531,20944,704,19528,53,203,18,14,604,11,0,0,1
1,6003383608,1,13,2,5,1531,2053,485,19839,86,123,16,2,529,5,0,0,1
2,6003383608,2,17,1,3,1531,1986,336,9079,74,42,15,4,457,10,840,0,1
3,6003383608,3,17,4,1,1531,1109,357,9383,85,38,14,5,408,4,2302,0,1
4,6003383608,4,7,1,2,1531,6356,682,8790,94,287,19,4,656,5,0,0,1
5,6003383608,128,4,5,23,1531,920,405,10685,33,127,15,3,447,1,2814,0,0
6,6003383608,129,7,4,0,1531,0,269,7517,19,72,13,1,371,1,108,0,0
7,6003383608,130,3,10,3,1531,0,232,9682,31,34,10,2,237,0,88,0,0
8,6003383608,131,2,8,10,1531,0,341,10925,102,115,14,2,399,0,110,0,0
9,6003383608,132,1,2,2,1531,0,442,1789,8,246,16,0,524,0,453,0,0
0,6003383512,0,12,3,17,1600,5247,485,19563,8,136,18,10,596,5,5744,0,1
1,6003383512,1,22,3,5,1600,226,313,18746,121,21,16,5,477,6,2163,0,1
2,6003383512,2,12,4,11,1600,3270,482,19881,38,104,18,12,589,4,0,0,1
3,6003383512,3,20,7,1,1600,1030,332,21357,37,39,15,6,448,3,13815,0,1
4,6003383512,4,18,0,13,1600,13511,667,25805,11,261,20,4,723,22,0,0,1
5,6003383512,128,7,7,11,1600,148,290,15602,21,73,14,2,382,1,0,0,0
6,6003383512,129,7,8,2,1600,2121,351,8126,42,135,15,2,418,1,0,0,0
7,6003383512,130,6,8,1,1600,0,302,16499,50,42,15,6,430,1,4685,0,0
8,6003383512,131,6,5,4,1600,330,331,13810,19,102,14,4,404,1,0,0,0
9,6003383512,132,5,10,1,1600,180,233,17038,45,25,10,3,220,0,522,0,0
0,6003383016,0,5,0,6,582,91,327,3290,123,20,7,0,312,5,0,0,1
1,6003383016,1,4,0,13,582,1241,493,3028,126,44,6,6,288,10,0,0,1
2,6003383016,2,6,0,9,582,5954,756,8818,11,57,9,10,495,16,1200,0,1
3,6003383016,3,4,0,4,582,3323,419,195,8,45,6,0,292,4,663,0,1
4,6003383016,4,6,0,2,582,1855,274,1401,64,5,5,0,206,6,0,0,1
5,6003383016,128,0,4,0,582,0,146,1142,80,7,4,0,131,0,0,1,0
6,6003383016,129,0,1,4,582,0,591,3892,110,26,5,0,214,0,0,0,0
7,6003383016,130,0,4,0,582,0,152,1787,83,6,2,0,48,0,0,0,0
8,6003383016,131,0,4,3,582,0,194,207,93,7,2,0,52,0,0,0,0
9,6003383016,132,0,3,0,582,0,123,846,62,0,3,0,78,0,0,0,0
0,6003382904,0,19,2,3,1379,3341,342,12563,9,41,14,6,469,8,400,0,1
1,6003382904,1,13,5,3,1379,1387,372,8487,121,71,13,3,424,2,0,0,1
2,6003382904,2,14,2,17,1379,3202,497,15873,47,141,16,4,589,6,0,0,1
3,6003382904,3,15,4,0,1379,3879,464,13968,98,90,15,9,494,4,0,0,1
4,6003382904,4,8,0,26,1379,9604,613,17034,93,153,16,16,586,24,0,0,1
5,6003382904,128,5,4,0,1379,0,203,5171,114,14,10,1,283,1,0,0,0
6,6003382904,129,3,5,3,1379,31,347,9122,129,112,13,4,424,1,0,0,0
7,6003382904,130,4,8,7,1379,226,321,8198,70,99,13,3,378,0,0,0,0
8,6003382904,131,5,9,0,1379,196,264,8983,27,40,10,3,269,0,0,0,0
9,6003382904,132,2,13,2,1379,104,240,8004,29,58,10,0,274,0,0,0,0
0,6003382715,0,20,1,1,1421,1054,359,7569,90,68,14,2,456,11,2309,0,1
1,6003382715,1,11,3,8,1421,1258,594,33387,106,118,19,19,756,7,0,0,1
2,6003382715,2,14,5,9,1421,1402,431,17966,98,75,15,8,476,3,0,0,1
3,6003382715,3,8,1,14,1421,11930,660,19043,42,193,18,8,692,8,0,0,1
4,6003382715,4,20,3,1,1421,996,358,10834,74,52,16,6,553,6,0,0,1
5,6003382715,128,4,12,0,1421,504,216,5165,60,38,10,0,266,0,0,0,0
6,6003382715,129,1,13,0,1421,0,335,21316,105,62,15,5,468,0,0,0,0
7,6003382715,130,4,11,4,1421,0,362,10503,11,113,12,2,330,0,0,0,0
8,6003382715,131,2,4,3,1421,0,336,6417,93,91,12,1,348,0,0,0,0
9,6003382715,132,2,6,3,1421,0,316,7028,29,57,16,2,565,0,0,0,0
0,6003382305,0,9,4,2,1620,1647,339,5789,7,77,13,2,334,2,0,0,1
1,6003382305,1,3,2,31,1620,12063,742,14346,12,260,23,10,909,4,0,0,1
2,6003382305,2,18,4,0,1620,2168,347,11850,88,27,18,6,596,4,0,0,1
3,6003382305,3,7,5,15,1620,7223,590,13158,49,191,20,6,705,2,0,0,1
4,6003382305,4,12,5,7,1620,4146,512,17537,68,114,19,9,659,3,0,0,1
5,6003382305,128,4,7,9,1620,52,397,7295,44,171,16,3,479,0,0,0,0
6,6003382305,129,5,7,6,1620,0,423,30889,22,93,18,8,596,1,0,0,0
7,6003382305,130,6,5,4,1620,0,317,12599,105,71,14,5,384,1,0,0,0
8,6003382305,131,9,8,1,1620,0,258,6968,110,28,14,2,368,1,309,0,0
9,6003382305,132,4,6,0,1620,0,450,3123,94,180,17,2,546,0,0,0,0
0,6003381601,0,0,5,9,1128,0,181,3994,59,27,7,0,176,0,0,1,0
1,6003381601,1,1,5,1,1128,74,343,4911,26,11,9,3,282,0,0,0,0
2,6003381601,2,1,4,32,1128,133,373,4232,49,97,10,1,333,0,0,0,0
3,6003381601,3,1,4,7,1128,0,280,3673,74,42,9,0,248,0,0,0,0
4,6003381601,4,1,3,3,1128,0,395,4402,12,106,11,0,350,0,0,0,0
5,6003381601,128,2,0,7,1128,6849,564,14413,76,116,15,7,631,9,0,0,1
6,6003381601,129,7,2,2,1128,3920,558,8250,94,185,15,2,628,3,0,0,1
7,6003381601,130,5,0,11,1128,2531,618,12908,113,110,17,8,779,13,0,0,1
8,6003381601,131,2,2,4,1128,1110,262,2193,25,23,8,0,200,0,0,0,1
9,6003381601,132,4,0,5,1128,1095,476,3305,104,108,14,4,526,8,240,0,1
0,6003381515,0,15,0,13,1616,9080,767,34949,42,224,23,16,932,31,0,0,1
1,6003381515,1,12,9,13,1616,398,316,7737,26,18,16,6,476,1,0,0,1
2,6003381515,2,23,4,5,1616,607,325,12998,50,33,19,4,618,5,10916,0,1
3,6003381515,3,15,5,9,1616,3676,387,17419,74,65,18,7,576,3,0,0,1
4,6003381515,4,13,5,12,1616,5294,505,17449,96,171,19,4,631,2,0,0,1
5,6003381515,128,5,6,16,1616,0,425,8814,44,216,18,3,571,1,0,0,0
6,6003381515,129,7,9,4,1616,0,299,13228,28,81,15,5,443,1,0,0,0
7,6003381515,130,5,6,12,1616,0,410,23114,32,87,17,12,539,2,0,0,0
8,6003381515,131,7,9,1,1616,0,193,7655,14,29,12,0,308,0,18,0,0
9,6003381515,132,8,8,1,1616,181,279,12743,53,76,12,2,293,1,0,0,0
0,6003381405,0,4,9,15,1771,789,354,7894,46,155,15,1,407,0,0,0,0
1,6003381405,1,7,11,0,1771,0,304,15472,16,43,20,2,619,0,0,0,0
2,6003381405,2,5,8,1,1771,416,309,11179,129,102,13,1,318,0,0,0,0
3,6003381405,3,7,9,15,1771,25,413,21807,94,104,20,3,614,1,0,0,0
4,6003381405,4,2,12,0,1771,0,247,17861,50,39,12,2,274,0,2052,0,0
5,6003381405,128,19,4,0,1771,3722,473,14640,2,102,18,14,517,6,0,0,1
6,6003381405,129,13,2,9,1771,12790,687,24815,8,232,21,16,723,9,16292,0,1
7,6003381405,130,31,3,0,1771,1039,328,13652,5,24,17,4,490,8,0,0,1
8,6003381405,131,20,1,14,1771,7069,442,23011,59,91,21,7,684,13,0,0,1
9,6003381405,132,21,3,4,1771,4335,391,14197,52,70,19,7,576,7,0,0,1
0,6003381318,0,13,6,7,1714,401,288,12449,51,14,14,7,380,2,1279,0,1
1,6003381318,1,12,1,6,1714,652,458,11241,29,147,19,4,596,8,0,0,1
2,6003381318,2,9,2,4,1714,3249,289,6993,128,39,15,3,390,4,200,0,1
3,6003381318,3,11,4,12,1714,13348,614,24582,6,174,21,14,693,5,0,0,1
4,6003381318,4,14,4,6,1714,3298,498,18866,106,133,21,7,707,4,460,0,1
5,6003381318,128,6,10,5,1714,0,266,6079,26,36,14,1,347,0,400,0,0
6,6003381318,129,9,9,9,1714,80,245,12326,110,33,14,4,376,1,731,0,0
7,6003381318,130,3,7,8,1714,0,395,15671,39,146,17,4,489,0,0,0,0
8,6003381318,131,3,1,23,1714,293,562,7022,1,315,20,1,661,2,0,0,0
9,6003381318,132,8,8,9,1714,54,328,12532,13,91,15,5,392,1,0,0,0
0,6003381301,0,3,13,1,1732,44,357,15133,63,122,16,5,458,0,0,0,0
1,6003381301,1,6,9,5,1732,0,411,9703,69,108,15,2,388,0,0,0,0
2,6003381301,2,12,7,1,1732,23,247,11100,31,48,15,2,383,1,0,0,0
3,6003381301,3,4,10,5,1732,21,216,3568,57,41,12,0,268,0,2282,0,0
4,6003381301,4,3,6,2,1732,674,455,15432,93,151,19,12,607,2,0,0,0
5,6003381301,128,24,8,6,1732,919,315,10347,121,42,17,2,492,2,908,0,1
6,6003381301,129,16,7,1,1732,792,340,14877,30,26,17,7,482,2,371,0,1
7,6003381301,130,13,0,12,1732,1905,673,29938,11,200,25,17,1052,30,0,0,1
8,6003381301,131,11,5,13,1732,11268,594,17795,104,204,21,7,687,3,880,0,1
9,6003381301,132,14,1,5,1732,6445,640,24663,94,248,23,11,818,12,0,0,1
0,6003381104,0,9,6,7,1723,6333,574,49846,99,121,21,15,733,3,0,0,1
1,6003381104,1,14,7,2,1723,4442,344,7562,5,45,18,4,534,2,0,0,1
2,6003381104,2,13,8,7,1723,6435,473,10047,21,121,17,4,496,1,248,0,1
3,6003381104,3,14,14,2,1723,1639,311,9703,87,27,11,2,248,1,0,0,1
4,6003381104,4,10,4,6,1723,3631,466,12539,71,90,17,9,512,3,400,0,1
5,6003381104,128,1,6,0,1723,0,131,980,70,7,4,1,52,0,0,1,0
6,6003381104,129,5,8,0,1723,0,167,2924,53,9,4,0,56,0,0,0,0
7,6003381104,130,2,8,15,1723,991,1554,59117,96,170,27,27,1158,3,0,0,0
8,6003381104,131,7,7,0,1723,0,340,9617,37,30,13,8,311,1,605,0,0
9,6003381104,132,4,7,4,1723,0,230,3003,27,4,4,1,52,0,0,0,0
0,6003380903,0,13,4,12,1467,1281,454,13571,36,139,15,3,456,3,5253,0,1
1,6003380903,1,5,1,12,1467,7626,551,21415,76,118,20,12,778,8,0,0,1
2,6003380903,2,10,2,1,1467,1558,322,12262,21,13,13,8,368,6,0,0,1
3,6003380903,3,8,0,3,1467,11789,724,20004,42,209,19,10,718,18,0,0,1
4,6003380903,4,20,3,2,1467,616,280,5744,26,7,14,2,414,5,0,0,1
5,6003380903,128,4,6,4,1467,240,327,9586,78,80,14,4,411,1,0,0,0
6,6003380903,129,5,6,6,1467,1079,468,13588,96,182,16,4,540,1,0,0,0
7,6003380903,130,5,10,3,1467,112,235,13084,37,46,11,0,299,0,1680,0,0
8,6003380903,131,3,6,1,1467,91,253,8795,9,58,10,1,241,0,0,0,0
9,6003380903,132,2,7,2,1467,818,310,6693,8,121,12,1,344,0,0,0,0
0,6003380816,0,6,7,1,1331,0,222,7218,119,10,10,3,252,1,0,0,0
1,6003380816,1,4,5,6,1331,221,251,4979,54,48,9,2,208,1,0,0,0
2,6003380816,2,2,4,9,1331,82,370,10093,126,63,13,6,438,1,0,0,0
3,6003380816,3,0,5,3,1331,0,1144,16298,120,75,19,11,764,1,0,0,0
4,6003380816,4,0,3,1,1331,0,147,907,93,6,7,0,154,0,0,1,0
5,6003380816,128,9,8,0,1331,1379,384,5329,73,60,10,1,272,1,0,0,1
6,6003380816,129,8,1,25,1331,10648,527,14336,59,127,19,6,768,7,0,0,1
7,6003380816,130,8,6,5,1331,1512,428,11565,114,77,13,7,431,2,0,0,1
8,6003380816,131,7,2,2,1331,946,269,2879,85,20,12,3,366,3,552,0,1
9,6003380816,132,3,6,6,1331,2681,448,7031,72,102,15,6,526,1,0,0,1
0,6003380711,0,3,1,1,1524,2608,466,11592,76,113,15,7,482,5,0,0,1
1,6003380711,1,7,2,14,1524,9179,514,6651,8,156,15,3,476,3,8490,0,1
2,6003380711,2,9,4,4,1524,1420,297,7504,68,24,13,5,377,2,832,0,1
3,6003380711,3,10,2,4,1524,3437,291,2546,85,31,12,2,297,4,1751,0,1
4,6003380711,4,9,3,14,1524,3351,383,8555,14,69,13,6,349,3,0,0,1
5,6003380711,128,1,5,2,1524,0,155,561,95,20,5,0,79,0,0,1,0
6,6003380711,129,2,6,2,1524,0,169,1151,84,3,5,0,78,0,0,0,0
7,6003380711,130,2,5,15,1524,0,933,29296,123,104,17,8,588,1,0,0,0
8,6003380711,131,0,3,3,1524,0,203,417,77,19,7,0,129,0,0,0,0
9,6003380711,132,3,4,9,1524,0,260,5278,80,22,10,1,251,0,0,0,0
0,6003380308,0,2,0,20,437,403,424,2430,1,43,6,2,373,4,0,0,1
1,6003380308,1,0,0,7,437,0,343,984,11,37,6,1,408,1,0,0,1
2,6003380308,2,3,0,3,437,0,186,3074,58,6,4,1,227,4,0,0,1
3,6003380308,3,1,0,2,437,0,289,1975,36,26,5,0,244,1,162,0,1
4,6003380308,4,0,1,0,437,0,166,2169,128,0,4,1,220,0,0,0,1
5,6003380308,128,0,2,0,437,0,112,449,83,0,1,0,17,0,0,1,0
6,6003380308,129,0,2,0,437,0,263,1381,104,12,5,0,238,0,0,0,0
7,6003380308,130,0,0,20,437,0,576,1910,46,47,7,0,464,0,0,0,0
8,6003380308,131,0,1,5,437,0,333,1729,95,38,5,0,256,0,0,0,0
9,6003380308,132,0,0,2,437,0,213,3073,123,4,5,1,262,1,400,0,0
0,6003380112,0,13,10,3,1619,10913,509,19779,52,148,18,8,599,1,0,0,1
1,6003380112,1,7,3,6,1619,602,292,8666,100,33,15,4,440,2,0,0,1
2,6003380112,2,14,5,2,1619,264,278,6846,121,35,14,0,404,2,0,0,1
3,6003380112,3,9,4,25,1619,1855,479,15085,47,147,17,5,551,2,0,0,1
4,6003380112,4,7,2,8,1619,14262,739,24723,93,215,24,14,1040,7,0,0,1
5,6003380112,128,8,8,13,1619,504,501,20302,17,166,20,9,688,1,0,0,0
6,6003380112,129,8,11,2,1619,0,302,7555,53,71,12,4,290,1,400,0,0
7,6003380112,130,15,7,0,1619,0,249,4611,50,40,13,1,326,2,1686,0,0
8,6003380112,131,2,2,4,1619,912,463,6740,1,195,19,5,654,2,0,0,0
9,6003380112,132,7,4,14,1619,0,324,11406,60,75,16,5,493,2,0,0,0
0,6003380014,0,19,4,1,1804,1925,354,16203,39,36,21,8,655,5,0,0,1
1,6003380014,1,10,1,8,1804,12986,754,33112,46,279,25,17,984,13,225,0,1
2,6003380014,2,11,7,2,1804,2901,435,8895,12,125,18,6,518,2,0,0,1
3,6003380014,3,17,9,1,1804,687,307,10421,119,21,15,5,407,2,0,0,1
4,6003380014,4,5,3,11,1804,1162,607,17338,2,186,23,13,828,4,0,0,1
5,6003380014,128,4,11,5,1804,0,332,4558,44,151,15,0,390,0,0,0,0
6,6003380014,129,1,8,2,1804,0,218,4320,19,57,11,1,250,0,0,0,0
7,6003380014,130,8,11,4,1804,205,371,15949,25,64,17,9,478,1,0,0,0
8,6003380014,131,8,11,5,1804,1144,413,22020,128,73,20,11,641,1,0,0,0
9,6003380014,132,3,9,9,1804,0,260,10284,31,42,13,3,288,0,0,0,0
0,6003379808,0,16,12,0,1743,0,329,15150,14,44,17,4,481,1,0,0,0
1,6003379808,1,13,6,6,1743,243,352,16179,74,66,19,4,617,2,0,0,0
2,6003379808,2,11,12,5,1743,0,327,17163,12,60,18,6,538,1,0,0,0
3,6003379808,3,7,12,2,1743,212,365,16718,104,92,16,7,445,1,1050,0,0
4,6003379808,4,9,13,1,1743,59,311,18331,32,25,16,6,466,1,0,0,0
5,6003379808,128,15,3,5,1743,8007,590,22947,4,196,22,9,739,6,0,0,1
6,6003379808,129,31,7,0,1743,4530,335,12656,83,23,19,6,600,4,4126,0,1
7,6003379808,130,24,4,12,1743,2480,368,21083,68,30,21,9,682,6,1100,0,1
8,6003379808,131,14,12,16,1743,3828,411,18007,59,70,17,11,474,1,0,0,1
9,6003379808,132,14,4,9,1743,4510,671,37493,23,218,22,19,760,6,0,0,1
0,6003379511,0,3,0,17,1469,1408,434,11130,106,100,14,9,429,12,0,0,1
1,6003379511,1,10,4,11,1469,4641,455,20259,35,102,16,7,541,3,0,0,1
2,6003379511,2,13,1,3,1469,4749,515,28015,99,81,18,20,640,16,0,0,1
3,6003379511,3,21,2,0,1469,454,342,13574,90,47,16,5,512,8,2381,0,1
4,6003379511,4,11,4,3,1469,3471,299,7058,20,50,12,2,339,2,0,0,1
5,6003379511,128,1,7,1,1469,0,184,1934,32,17,7,0,151,0,0,1,0
6,6003379511,129,5,14,2,1469,0,270,9770,14,6,11,3,271,0,0,0,0
7,6003379511,130,1,4,1,1469,2400,492,7936,1,180,17,2,603,0,0,0,0
8,6003379511,131,5,10,4,1469,0,276,13950,5,16,11,3,294,0,0,0,0
9,6003379511,132,7,9,0,1469,0,253,6405,100,15,12,1,345,0,0,0,0
0,6003379419,0,27,5,7,1673,4348,351,19557,40,54,17,2,529,4,0,0,1
1,6003379419,1,18,4,22,1673,6082,496,19509,75,134,18,8,569,5,0,0,1
2,6003379419,2,7,4,0,1673,849,407,8254,16,95,17,5,515,2,0,0,1
3,6003379419,3,6,1,2,1673,4914,683,48283,44,150,24,25,1016,15,0,0,1
4,6003379419,4,23,4,18,1673,2318,370,12482,100,73,18,3,585,5,400,0,1
5,6003379419,128,7,6,3,1673,0,331,11096,96,122,14,4,381,1,0,0,0
6,6003379419,129,6,11,1,1673,0,222,13831,126,18,13,5,311,0,400,0,0
7,6003379419,130,3,7,8,1673,0,326,10771,94,149,15,1,419,0,0,0,0
8,6003379419,131,8,5,9,1673,0,364,22829,99,95,17,6,518,2,0,0,0
9,6003379419,132,8,14,0,1673,0,193,6104,27,25,11,1,266,0,0,0,0
0,6003379014,0,4,3,8,1734,962,514,10960,8,239,19,4,571,2,1322,0,0
1,6003379014,1,2,2,0,1734,444,387,14313,106,156,16,2,466,1,0,0,0
2,6003379014,2,5,4,1,1734,63,212,3640,111,18,12,1,289,1,6082,0,0
3,6003379014,3,3,5,12,1734,1080,469,19047,99,207,18,5,520,1,0,0,0
4,6003379014,4,5,4,0,1734,604,268,8433,123,83,13,1,314,1,0,0,0
5,6003379014,128,5,4,11,1734,2309,455,5139,96,205,17,1,477,1,0,0,1
6,6003379014,129,1,0,13,1734,10407,590,25539,10,209,22,12,784,13,351,0,1
7,6003379014,130,6,1,7,1734,774,375,9550,74,116,15,2,425,4,0,0,1
8,6003379014,131,7,3,4,1734,2500,512,9412,93,242,19,0,621,1,0,0,1
9,6003379014,132,8,5,1,1734,1911,297,8240,27,45,15,3,415,1,0,0,1
0,6003378919,0,4,7,2,1515,21,330,12029,25,36,14,10,414,1,0,0,0
1,6003378919,1,4,6,7,1515,309,333,9117,39,106,15,3,447,1,0,0,0
2,6003378919,2,5,3,7,1515,193,388,8526,72,135,15,4,462,2,0,0,0
3,6003378919,3,14,4,1,1515,262,350,11578,23,101,16,1,493,3,0,0,0
4,6003378919,4,10,5,3,1515,38,327,10764,5,56,15,5,467,2,0,0,0
5,6003378919,128,4,2,18,1515,4661,598,18563,74,125,20,12,734,5,0,0,1
6,6003378919,129,6,6,12,1515,7634,520,10641,8,151,17,7,563,1,3567,0,1
7,6003378919,130,12,7,3,1515,3326,315,6654,27,45,12,2,335,1,0,0,1
8,6003378919,131,6,6,1,1515,4686,505,8401,53,154,15,4,446,1,96,0,1
9,6003378919,132,9,2,22,1515,3232,514,10469,6,180,20,0,758,3,0,0,1
0,6003378807,0,8,13,0,1889,198,253,11212,14,51,14,1,329,0,0,0,0
1,6003378807,1,5,8,7,1889,227,331,22837,106,89,16,6,421,1,0,0,0
2,6003378807,2,9,15,4,1889,322,329,17216,53,134,14,2,322,0,0,0,0
3,6003378807,3,12,14,2,1889,105,241,11426,20,27,16,3,415,1,0,0,0
4,6003378807,4,3,4,13,1889,2120,502,22621,42,233,20,6,621,1,0,0,0
5,6003378807,128,23,2,3,1889,1428,476,22943,123,140,21,14,650,12,0,0,1
6,6003378807,129,11,1,20,1889,4280,573,21724,32,222,22,14,748,12,0,0,1
7,6003378807,130,16,6,15,1889,5836,490,23432,74,163,21,7,677,3,0,0,1
8,6003378807,131,22,4,12,1889,14228,587,24029,81,189,23,10,752,6,0,0,1
9,6003378807,132,31,6,4,1889,716,328,11944,111,25,17,7,469,5,15373,0,1
0,6003378618,0,15,5,2,1884,547,295,7938,26,26,15,3,385,3,0,0,1
1,6003378618,1,12,0,20,1884,17328,786,19244,48,389,25,7,918,19,0,0,1
2,6003378618,2,3,6,0,1884,274,329,7843,105,86,15,2,359,0,0,0,1
3,6003378618,3,9,0,23,1884,3710,620,39185,70,168,22,21,730,30,0,0,1
4,6003378618,4,19,4,2,1884,1291,386,16183,135,79,19,7,567,5,2056,0,1
5,6003378618,128,1,7,0,1884,0,197,4175,62,22,11,2,234,0,0,0,0
6,6003378618,129,6,8,2,1884,0,172,8422,112,15,11,1,207,0,10679,0,0
7,6003378618,130,1,9,6,1884,859,413,17060,104,138,19,7,546,0,160,0,0
8,6003378618,131,3,13,5,1884,0,248,13355,84,86,13,2,299,0,0,0,0
9,6003378618,132,4,3,12,1884,0,285,9208,44,114,13,2,290,1,0,0,0
0,6003378511,0,4,10,11,1514,513,295,12262,129,85,11,1,259,0,0,0,0
1,6003378511,1,1,10,2,1514,245,183,8533,27,14,9,2,216,0,400,0,0
2,6003378511,2,1,9,10,1514,0,344,11968,11,112,14,2,396,0,0,0,0
3,6003378511,3,2,7,1,1514,0,293,6099,94,108,12,0,314,0,0,0,0
4,6003378511,4,2,10,11,1514,435,205,12075,33,20,11,2,286,0,256,0,0
5,6003378511,128,17,0,9,1514,2251,540,10030,36,178,19,9,682,26,3908,0,1
6,6003378511,129,17,1,11,1514,7549,542,10434,108,192,18,4,612,10,2467,0,1
7,6003378511,130,20,3,2,1514,1165,338,11153,111,14,15,9,481,7,9251,0,1
8,6003378511,131,18,2,17,1514,4116,505,24106,32,102,17,15,557,11,0,0,1
9,6003378511,132,20,2,4,1514,905,342,19049,14,32,16,9,531,9,0,0,1
0,6003378306,0,12,1,5,1433,1586,443,8911,29,132,17,2,578,7,0,0,1
1,6003378306,1,8,0,22,1433,5185,650,28487,46,168,21,16,861,24,0,0,1
2,6003378306,2,4,6,1,1433,392,251,2823,27,24,10,1,268,0,0,0,1
3,6003378306,3,10,2,4,1433,7376,654,22000,42,186,19,15,692,8,0,0,1
4,6003378306,4,23,10,1,1433,1491,249,3707,91,7,13,1,359,2,4716,0,1
5,6003378306,128,3,8,17,1433,84,373,12877,81,73,13,11,406,1,0,0,0
6,6003378306,129,5,13,0,1433,0,270,14372,105,51,11,4,304,0,0,0,0
7,6003378306,130,7,11,1,1433,0,187,8267,14,12,10,1,268,0,0,0,0
8,6003378306,131,2,3,9,1433,0,368,5507,94,169,16,0,532,0,0,1,0
9,6003378306,132,3,1,11,1433,94,369,2974,93,149,15,2,473,2,0,0,0
0,6003378301,0,12,6,2,1844,0,347,27312,16,103,18,6,494,2,0,0,0
1,6003378301,1,11,7,3,1844,304,307,12397,104,81,17,7,473,2,4407,0,0
2,6003378301,2,14,14,0,1844,0,219,8731,20,12,13,2,285,1,0,0,0
3,6003378301,3,7,5,13,1844,1219,422,17739,39,156,18,5,512,2,115,0,0
4,6003378301,4,6,4,15,1844,448,530,30427,8,238,21,9,655,3,3280,0,0
5,6003378301,128,17,8,4,1844,622,455,14643,135,129,19,5,573,2,9282,0,1
6,6003378301,129,14,9,4,1844,776,323,5950,50,32,16,1,432,1,7735,0,1
7,6003378301,130,22,6,9,1844,3483,476,17514,96,148,19,2,561,3,0,0,1
8,6003378301,131,12,3,9,1844,14486,665,35792,6,253,25,12,952,6,0,0,1
9,6003378301,132,8,3,11,1844,13545,706,34857,46,240,24,15,905,5,115,0,1
0,6003378212,0,15,5,9,1620,2742,545,19023,2,121,18,12,591,4,0,0,1
1,6003378212,1,17,4,6,1620,7096,491,13651,74,106,17,7,545,4,0,0,1
2,6003378212,2,16,5,3,1620,1565,345,14719,100,20,16,8,458,4,0,0,1
3,6003378212,3,10,0,13,1620,16797,565,18377,54,177,19,5,634,15,0,0,1
4,6003378212,4,19,3,5,1620,1150,384,10860,29,50,17,2,522,5,1508,0,1
5,6003378212,128,8,12,5,1620,0,304,16355,107,68,15,3,421,0,0,0,0
6,6003378212,129,3,3,4,1620,0,383,12529,126,153,16,3,475,1,0,0,0
7,6003378212,130,5,10,5,1620,0,368,16728,104,82,15,7,431,1,540,0,0
8,6003378212,131,5,3,1,1620,0,179,9561,88,15,10,1,220,1,312,0,0
9,6003378212,132,2,6,7,1620,0,391,3774,1,190,16,0,464,0,0,0,0
0,6003378107,0,22,11,2,1498,4894,416,15511,27,36,17,12,578,2,0,0,1
1,6003378107,1,9,3,6,1498,2989,677,29756,63,173,22,22,877,7,0,0,1
2,6003378107,2,17,3,6,1498,3811,509,14587,2,137,20,10,724,6,0,0,1
3,6003378107,3,21,3,5,1498,4431,436,15908,47,94,19,6,660,6,0,0,1
4,6003378107,4,12,4,5,1498,434,326,7127,7,59,15,2,458,2,345,0,1
5,6003378107,128,6,10,3,1498,0,318,7631,26,35,16,5,497,1,0,0,0
6,6003378107,129,7,8,0,1498,0,303,11585,4,66,13,5,350,1,0,0,0
7,6003378107,130,6,10,3,1498,40,259,10089,6,51,13,2,371,0,0,0,0
8,6003378107,131,7,14,0,1498,0,308,9392,8,67,13,5,347,0,589,0,0
9,6003378107,132,7,11,1,1498,0,299,12539,100,40,15,6,443,1,0,0,0
0,6003378102,0,3,1,7,1405,6433,642,16070,23,191,19,10,711,6,0,0,1
1,6003378102,1,4,3,20,1405,9053,487,8669,8,166,14,1,450,1,3385,0,1
2,6003378102,2,6,3,2,1405,2304,395,8906,2,100,12,2,364,2,0,0,1
3,6003378102,3,8,0,7,1405,2472,330,13363,35,51,12,3,347,11,0,0,1
4,6003378102,4,8,1,1,1405,4585,320,7244,21,23,12,3,360,5,0,0,1
5,6003378102,128,4,6,0,1405,0,215,3705,7,33,10,1,238,0,0,0,0
6,6003378102,129,1,3,1,1405,0,207,5216,32,47,12,3,336,1,400,0,0
7,6003378102,130,6,3,3,1405,0,250,6271,104,66,10,0,255,1,875,0,0
8,6003378102,131,5,2,6,1405,0,295,6856,94,76,11,0,317,1,0,0,0
9,6003378102,132,1,5,5,1405,0,241,7788,75,54,11,1,281,0,0,0,0
0,6003377901,0,10,2,2,995,581,278,8437,48,12,10,5,363,5,0,0,1
1,6003377901,1,4,1,13,995,743,400,4826,42,93,9,3,331,3,0,0,1
2,6003377901,2,8,1,1,995,770,230,3755,26,17,10,1,376,4,0,0,1
3,6003377901,3,7,1,10,995,1012,520,14608,13,92,14,9,659,8,0,0,1
4,6003377901,4,5,2,2,995,1090,523,4493,55,122,13,7,530,4,0,0,1
5,6003377901,128,1,5,7,995,184,280,8408,72,45,10,4,351,0,0,1,0
6,6003377901,129,2,6,1,995,0,158,1976,84,13,7,0,211,0,0,0,0
7,6003377901,130,0,3,2,995,301,473,5153,108,74,8,1,273,0,0,0,0
8,6003377901,131,0,6,9,995,346,304,8002,86,74,11,2,392,0,0,0,0
9,6003377901,132,1,5,16,995,0,199,4315,33,16,6,0,178,0,0,0,0
0,6003377615,0,5,11,14,1729,45,341,14143,11,102,18,2,559,0,0,0,0
1,6003377615,1,3,9,16,1729,83,326,7600,129,89,13,6,339,0,0,0,0
2,6003377615,2,8,9,2,1729,0,354,16981,84,31,16,5,430,1,0,0,0
3,6003377615,3,5,9,6,1729,0,427,14811,95,127,19,6,581,1,0,0,0
4,6003377615,4,7,8,2,1729,0,266,7501,26,27,17,3,488,1,0,0,0
5,6003377615,128,14,9,0,1729,659,251,6131,20,17,15,1,396,1,0,0,1
6,6003377615,129,11,2,2,1729,15066,558,7498,109,234,22,2,768,4,0,0,1
7,6003377615,130,19,6,8,1729,4270,464,15273,96,121,19,7,625,3,0,0,1
8,6003377615,131,14,11,0,1729,1846,398,22545,105,42,19,12,581,2,400,0,1
9,6003377615,132,9,2,14,1729,0,718,55789,34,191,26,24,1046,11,0,0,1
0,6003377608,0,16,4,7,1969,5687,362,7063,57,97,21,1,599,3,4147,0,1
1,6003377608,1,8,7,3,1969,422,313,6237,74,41,16,0,387,1,0,0,1
2,6003377608,2,8,2,8,1969,7545,974,21802,73,353,25,9,934,5,0,0,1
3,6003377608,3,15,1,10,1969,13544,798,40613,28,219,26,24,928,19,0,0,1
4,6003377608,4,14,3,13,1969,1348,405,16258,26,69,21,7,651,5,0,0,1
5,6003377608,128,5,9,11,1969,340,387,22145,106,169,19,2,505,0,0,0,0
6,6003377608,129,3,11,1,1969,57,245,10667,45,69,15,1,374,0,0,0,0
7,6003377608,130,4,5,15,1969,0,475,10849,1,207,19,6,510,1,368,0,0
8,6003377608,131,8,7,7,1969,43,240,18504,30,37,16,3,408,1,97,0,0
9,6003377608,132,4,10,1,1969,0,379,15206,69,115,15,1,350,0,0,0,0
0,6003377606,0,1,11,16,1821,382,452,16428,8,203,19,4,549,0,153,0,0
1,6003377606,1,2,9,0,1821,24,182,4137,20,16,12,1,259,0,0,0,0
2,6003377606,2,3,8,5,1821,1052,459,20011,77,201,18,4,500,0,241,0,0
3,6003377606,3,9,6,0,1821,0,211,10762,83,14,15,0,403,1,1888,0,0
4,6003377606,4,4,3,5,1821,92,464,11838,41,191,20,5,602,2,0,0,0
5,6003377606,128,8,2,16,1821,8547,557,19122,81,213,21,6,686,4,0,0,1
6,6003377606,129,18,2,2,1821,669,277,11180,87,27,18,4,530,7,640,0,1
7,6003377606,130,6,2,13,1821,9744,741,30666,18,326,24,14,876,6,0,0,1
8,6003377606,131,12,4,1,1821,1364,324,18994,79,34,17,8,461,4,389,0,1
9,6003377606,132,17,6,4,1821,967,318,14589,74,47,16,4,442,3,240,0,1
0,6003377506,0,16,6,0,1860,7633,397,16043,83,84,20,8,625,3,2979,0,1
1,6003377506,1,10,4,11,1860,3341,617,28824,11,201,24,20,882,6,115,0,1
2,6003377506,2,22,9,0,1860,334,332,16722,5,37,18,3,491,2,0,0,1
3,6003377506,3,13,2,18,1860,5068,660,23327,8,266,26,14,950,9,12901,0,1
4,6003377506,4,23,8,21,1860,8581,524,29206,104,124,23,13,776,4,778,0,1
5,6003377506,128,11,14,9,1860,0,409,30609,99,94,19,9,565,1,0,0,0
6,6003377506,129,7,8,4,1860,0,372,37747,22,89,20,7,608,1,0,0,0
7,6003377506,130,12,13,1,1860,0,321,18300,86,42,16,6,430,1,9,0,0
8,6003377506,131,11,12,0,1860,10,215,16645,40,25,14,0,331,0,192,0,0
9,6003377506,132,6,13,9,1860,235,340,17892,95,96,16,6,397,0,0,0,0
0,6003377416,0,3,5,2,1276,253,284,6399,128,54,11,1,324,0,0,0,0
1,6003377416,1,2,6,6,1276,250,389,7064,101,39,11,6,322,1,0,0,0
2,6003377416,2,2,3,0,1276,206,580,8481,62,45,10,5,280,1,0,0,0
3,6003377416,3,1,4,7,1276,0,213,3938,106,33,9,1,233,0,0,1,0
4,6003377416,4,3,3,1,1276,0,351,10505,47,64,13,4,410,1,0,0,0
5,6003377416,128,1,3,15,1276,1668,598,15067,15,114,19,12,840,3,0,0,1
6,6003377416,129,1,4,0,1276,0,227,3112,44,28,9,2,229,0,0,0,1
7,6003377416,130,3,5,2,1276,0,266,7588,21,33,11,2,339,0,0,0,1
8,6003377416,131,5,3,4,1276,929,393,5915,81,78,14,4,498,2,0,0,1
9,6003377416,132,2,2,2,1276,0,233,3161,8,69,8,1,207,1,335,0,1
0,6003377317,0,2,1,3,848,0,258,4834,94,47,7,0,261,1,0,0,0
1,6003377317,1,0,7,0,848,0,731,6107,31,8,6,3,186,0,0,0,0
2,6003377317,2,1,6,2,848,0,285,3025,129,32,6,0,206,0,0,0,0
3,6003377317,3,0,1,4,848,0,245,4499,11,49,9,0,327,0,0,1,0
4,6003377317,4,2,5,3,848,0,360,2631,27,2,5,0,141,0,788,0,0
5,6003377317,128,3,0,0,848,843,337,7395,105,32,8,4,286,7,0,0,1
6,6003377317,129,7,0,15,848,6023,503,5853,48,87,11,3,470,10,0,0,1
7,6003377317,130,2,0,18,848,3181,437,5539,74,68,11,2,470,4,0,0,1
8,6003377317,131,3,1,9,848,1734,484,3936,104,69,9,5,390,4,360,0,1
9,6003377317,132,10,2,1,848,806,297,6184,57,6,8,6,302,5,3120,0,1
0,6003377316,0,6,5,1,1789,0,283,4674,97,90,15,1,410,1,0,0,0
1,6003377316,1,12,5,8,1789,0,208,9692,107,27,12,2,270,2,252,0,0
2,6003377316,2,6,9,3,1789,1063,389,6016,93,159,17,1,496,0,0,0,0
3,6003377316,3,7,10,3,1789,0,219,8283,26,36,13,4,309,1,0,0,0
4,6003377316,4,4,7,0,1789,56,415,32391,22,122,18,9,519,1,0,0,0
5,6003377316,128,6,4,24,1789,6721,731,24818,8,302,25,13,966,3,640,0,1
6,6003377316,129,18,5,0,1789,1745,290,10764,68,16,17,3,478,3,0,0,1
7,6003377316,130,8,5,1,1789,489,268,2731,112,25,13,0,292,1,10351,0,1
8,6003377316,131,7,3,24,1789,6639,619,25499,47,209,21,14,694,5,0,0,1
9,6003377316,132,16,2,22,1789,5615,456,14547,129,127,21,6,664,7,0,0,1
0,6003377314,0,5,3,9,1820,151,327,11297,74,130,16,1,428,1,0,0,0
1,6003377314,1,1,7,6,1820,761,251,8394,27,45,13,4,286,0,0,0,0
2,6003377314,2,4,4,0,1820,0,226,9451,64,39,13,1,316,1,0,0,0
3,6003377314,3,4,4,11,1820,1326,353,10333,96,174,15,1,404,1,0,0,0
4,6003377314,4,1,3,6,1820,916,397,3419,42,171,16,1,420,0,0,0,0
5,6003377314,128,8,2,8,1820,6881,476,15629,17,181,18,9,506,5,0,0,1
6,6003377314,129,11,1,9,1820,2206,364,16328,123,67,17,7,469,9,0,0,1
7,6003377314,130,15,2,22,1820,8463,554,20347,108,231,19,2,584,5,5610,0,1
8,6003377314,131,10,3,12,1820,14417,598,17812,6,259,19,3,544,3,0,0,1
9,6003377314,132,13,1,1,1820,152,257,4299,102,25,12,0,282,6,7537,0,1
0,6003377303,0,11,8,3,1869,202,262,8571,37,47,15,2,359,1,3397,0,0
1,6003377303,1,7,11,3,1869,0,331,13843,5,42,19,9,568,1,0,0,0
2,6003377303,2,7,7,5,1869,331,359,12493,129,127,17,4,471,1,400,0,0
3,6003377303,3,4,7,12,1869,354,363,15359,10,121,18,7,519,1,0,0,0
4,6003377303,4,10,13,3,1869,226,275,5874,41,78,15,2,356,0,0,0,0
5,6003377303,128,12,5,1,1869,3692,535,27518,2,180,23,14,759,4,0,0,1
6,6003377303,129,8,4,1,1869,9734,614,12620,12,327,23,6,806,2,0,0,1
7,6003377303,130,15,6,2,1869,632,302,14391,68,24,15,6,386,3,498,0,1
8,6003377303,131,18,9,3,1869,332,356,24119,119,38,19,12,551,3,400,0,1
9,6003377303,132,11,0,9,1869,27,540,31500,34,223,22,7,753,18,0,0,1
0,6003377217,0,8,5,24,1984,327,406,17056,19,134,17,6,444,2,0,0,0
1,6003377217,1,10,8,20,1984,0,244,18173,75,46,14,4,323,1,0,0,0
2,6003377217,2,9,7,13,1984,0,337,13116,6,143,16,0,392,1,0,0,0
3,6003377217,3,11,7,9,1984,32,222,16891,51,31,15,1,353,1,0,0,0
4,6003377217,4,5,5,12,1984,96,429,21088,39,140,19,10,519,2,0,0,0
5,6003377217,128,7,5,5,1984,4528,417,11864,21,87,19,9,534,2,0,0,1
6,6003377217,129,9,6,15,1984,4153,456,18333,104,149,19,7,512,2,1179,0,1
7,6003377217,130,6,6,7,1984,9096,590,10914,95,303,22,5,672,1,0,0,1
8,6003377217,131,15,2,3,1984,365,347,17584,84,66,20,4,571,6,0,0,1
9,6003377217,132,5,2,10,1984,13486,748,33337,113,323,24,7,839,4,0,0,1
0,6003377213,0,0,9,1,1435,0,154,2125,42,18,7,0,125,0,0,1,0
1,6003377213,1,3,9,6,1435,0,313,9458,88,23,11,3,273,0,364,0,0
2,6003377213,2,3,6,9,1435,0,261,4561,94,83,12,0,331,0,0,0,0
3,6003377213,3,5,11,13,1435,0,219,9847,26,11,11,2,286,0,0,0,0
4,6003377213,4,3,7,6,1435,0,383,4832,41,82,11,2,297,0,0,0,0
5,6003377213,128,10,1,7,1435,1094,572,21073,70,129,18,18,661,14,0,0,1
6,6003377213,129,18,3,3,1435,507,225,9129,5,22,13,2,375,5,1200,0,1
7,6003377213,130,6,1,24,1435,2812,728,12746,74,245,21,12,825,9,0,0,1
8,6003377213,131,20,1,9,1435,0,310,7028,50,28,16,5,539,12,1885,0,1
9,6003377213,132,13,2,8,1435,848,348,10635,28,87,15,4,465,5,0,0,1
0,6003377207,0,4,9,7,2033,0,212,9584,26,49,15,2,354,0,0,0,0
1,6003377207,1,10,16,2,2033,61,256,12144,68,25,18,3,461,0,0,0,0
2,6003377207,2,4,7,15,2033,516,458,29491,98,241,22,9,671,1,0,0,0
3,6003377207,3,6,3,19,2033,330,433,16949,94,235,18,1,474,1,0,0,0
4,6003377207,4,6,8,7,2033,560,343,30756,110,212,18,6,464,1,333,0,0
5,6003377207,128,3,4,6,2033,14952,567,17964,61,236,23,7,698,2,0,0,1
6,6003377207,129,12,7,5,2033,8942,591,30315,44,214,23,16,760,3,0,0,1
7,6003377207,130,21,5,1,2033,650,460,14795,50,61,22,5,635,4,9222,0,1
8,6003377207,131,20,5,0,2033,2552,503,19750,55,154,23,8,747,4,0,0,1
9,6003377207,132,14,2,4,2033,1119,479,17501,28,156,24,7,826,7,0,0,1
0,6003377205,0,4,7,2,1473,22,257,13216,7,24,12,5,338,1,0,0,0
1,6003377205,1,3,9,2,1473,19,291,10149,94,91,12,1,349,0,0,0,0
2,6003377205,2,5,8,9,1473,40,276,11140,129,66,12,1,316,0,0,0,0
3,6003377205,3,1,5,7,1473,1714,379,8771,1,102,14,5,449,1,0,0,0
4,6003377205,4,6,13,0,1473,0,219,15652,87,6,12,1,329,0,664,0,0
5,6003377205,128,14,2,7,1473,1347,306,9159,135,25,15,5,470,6,2015,0,1
6,6003377205,129,14,2,17,1473,4362,568,16221,23,158,17,7,556,7,0,0,1
7,6003377205,130,7,4,12,1473,4017,439,6949,10,114,15,5,486,2,0,0,1
8,6003377205,131,8,3,24,1473,11234,623,35924,59,120,20,21,766,7,0,0,1
9,6003377205,132,12,3,1,1473,315,253,8553,14,10,13,3,383,3,2284,0,1
0,6003377113,0,9,8,3,1548,0,316,14442,7,74,15,5,444,1,0,0,0
1,6003377113,1,9,6,3,1548,0,328,7993,129,102,13,2,364,1,0,0,0
2,6003377113,2,8,5,7,1548,0,267,11133,9,39,13,4,369,2,0,0,0
3,6003377113,3,8,6,8,1548,0,468,16876,114,149,16,9,524,2,0,0,0
4,6003377113,4,14,11,0,1548,0,230,13130,75,25,12,3,328,1,0,0,0
5,6003377113,128,17,6,5,1548,1835,463,15520,36,120,17,5,579,3,4262,0,1
6,6003377113,129,19,5,2,1548,178,384,26766,84,38,17,6,576,4,0,0,1
7,6003377113,130,9,4,26,1548,20531,726,27984,59,161,23,16,938,5,0,0,1
8,6003377113,131,11,4,10,1548,7544,483,12022,6,120,16,6,524,3,0,0,1
9,6003377113,132,11,5,10,1548,1108,406,7204,27,86,15,1,445,2,0,0,1
0,6003377004,0,1,8,0,1665,0,480,9590,73,165,15,0,399,0,0,0,0
1,6003377004,1,3,10,14,1665,0,339,14835,93,84,14,4,393,0,0,0,0
2,6003377004,2,6,14,17,1665,0,325,12484,129,61,13,4,347,0,211,0,0
3,6003377004,3,9,14,2,1665,0,275,13789,110,41,13,2,345,0,3028,0,0
4,6003377004,4,3,6,3,1665,0,150,7979,87,10,8,0,145,0,0,1,0
5,6003377004,128,16,0,21,1665,2853,971,42228,62,134,23,27,903,43,0,0,1
6,6003377004,129,21,5,0,1665,523,315,11872,111,13,15,3,400,4,6367,0,1
7,6003377004,130,21,2,7,1665,2419,487,13254,23,118,19,4,603,8,240,0,1
8,6003377004,131,14,2,8,1665,684,411,15208,123,48,17,7,518,7,0,0,1
9,6003377004,132,14,2,10,1665,11632,604,19778,8,179,20,10,666,8,8375,0,1
0,6003377002,0,10,3,9,1986,158,370,10797,126,153,18,2,488,3,230,0,0
1,6003377002,1,5,3,9,1986,286,271,10909,72,67,16,2,372,1,0,0,0
2,6003377002,2,6,12,2,1986,0,211,12211,33,23,13,2,268,0,400,0,0
3,6003377002,3,3,8,4,1986,187,337,13064,16,104,16,6,406,1,0,0,0
4,6003377002,4,5,13,15,1986,481,458,18954,63,200,18,6,488,0,0,0,0
5,6003377002,128,13,2,12,1986,3513,495,19445,104,165,22,9,658,7,835,0,1
6,6003377002,129,13,4,5,1986,10180,673,15706,94,400,24,3,855,3,0,0,1
7,6003377002,130,13,7,0,1986,1890,326,13873,128,43,17,7,433,2,1000,0,1
8,6003377002,131,12,3,12,1986,3472,546,27166,21,187,24,12,825,6,0,0,1
9,6003377002,132,17,2,8,1986,2022,390,11358,37,70,18,6,476,7,7813,0,1
0,6003376903,0,16,6,0,2010,2110,339,21902,105,54,20,5,570,3,0,0,1
1,6003376903,1,7,6,8,2010,3637,493,21298,93,185,22,9,672,2,0,0,1
2,6003376903,2,17,7,0,2010,769,433,12548,62,18,20,9,564,3,1757,0,1
3,6003376903,3,12,5,6,2010,13600,793,41852,113,247,24,18,802,5,0,0,1
4,6003376903,4,11,7,17,2010,1916,501,18905,15,204,21,6,625,2,0,0,1
5,6003376903,128,5,10,0,2010,34,364,18088,47,115,16,6,399,1,0,0,0
6,6003376903,129,13,8,3,2010,0,429,15125,8,166,19,4,521,1,2241,0,0
7,6003376903,130,13,8,19,2010,0,448,25691,129,105,21,6,596,2,0,0,0
8,6003376903,131,18,7,4,2010,0,454,23145,74,89,22,5,667,2,39,0,0
9,6003376903,132,18,15,3,2010,0,360,17415,86,41,18,4,484,1,0,0,0
0,6003376809,0,13,4,8,1882,332,330,12102,26,41,17,4,470,3,0,0,1
1,6003376809,1,17,1,5,1882,608,440,17148,29,128,19,4,572,10,284,0,1
2,6003376809,2,10,5,9,1882,10980,574,30587,6,142,22,13,693,3,0,0,1
3,6003376809,3,11,3,11,1882,10516,627,30593,80,187,25,14,918,6,0,0,1
4,6003376809,4,13,5,4,1882,689,373,11267,86,65,18,5,515,3,400,0,1
5,6003376809,128,2,9,27,1882,1327,375,11647,114,139,17,7,456,0,0,0,0
6,6003376809,129,6,9,2,1882,37,298,7879,97,114,15,0,374,0,0,0,0
7,6003376809,130,3,11,16,1882,0,330,26421,22,111,17,4,445,0,0,0,0
8,6003376809,131,6,6,4,1882,113,279,7168,128,82,14,1,344,1,611,0,0
9,6003376809,132,3,5,6,1882,23,229,12541,110,33,15,5,369,1,459,0,0
0,6003376808,0,13,4,1,1886,210,333,8524,14,24,18,6,492,3,720,0,1
1,6003376808,1,10,0,19,1886,19651,696,21325,6,288,23,12,797,22,0,0,1
2,6003376808,2,12,2,5,1886,1820,528,15686,75,169,22,7,712,6,0,0,1
3,6003376808,3,11,5,5,1886,3274,541,15803,52,355,21,2,648,2,0,0,1
4,6003376808,4,16,2,3,1886,6515,556,16645,53,232,21,6,681,7,0,0,1
5,6003376808,128,2,6,6,1886,0,539,22930,94,319,21,3,638,0,0,0,0
6,6003376808,129,2,8,5,1886,518,298,2747,28,114,14,0,336,0,0,0,0
7,6003376808,130,1,6,4,1886,1267,446,14600,61,186,19,9,564,1,333,0,0
8,6003376808,131,3,8,6,1886,0,210,8238,26,38,14,1,329,0,0,0,0
9,6003376808,132,2,6,9,1886,246,175,6078,86,27,13,0,289,0,0,0,0
0,6003376802,0,1,14,0,1538,1027,249,8266,92,26,12,3,319,0,0,0,0
1,6003376802,1,4,12,5,1538,0,284,4758,44,71,12,0,327,0,0,0,0
2,6003376802,2,1,10,3,1538,0,376,10400,18,200,13,3,368,0,0,0,0
3,6003376802,3,4,9,7,1538,0,407,15681,35,153,13,1,349,0,0,0,0
4,6003376802,4,2,7,1,1538,0,143,1448,107,4,5,0,75,0,0,0,0
5,6003376802,128,14,4,12,1538,7413,548,16326,95,135,19,6,647,4,0,0,1
6,6003376802,129,3,1,0,1538,154,300,1383,100,78,11,0,291,1,0,1,1
7,6003376802,130,10,0,11,1538,6524,788,40553,61,153,25,29,1116,39,2188,0,1
8,6003376802,131,9,1,17,1538,8899,582,10472,41,172,20,6,740,7,0,0,1
9,6003376802,132,8,3,6,1538,867,462,16771,30,56,19,11,646,4,2828,0,1
0,6003376711,0,4,8,8,1870,1106,414,14910,12,193,18,3,484,0,0,0,0
1,6003376711,1,5,9,1,1870,0,229,8672,9,60,13,0,308,0,21,0,0
2,6003376711,2,10,8,2,1870,384,380,19767,13,154,18,3,499,1,0,0,0
3,6003376711,3,4,13,1,1870,119,250,9685,50,10,12,5,256,0,4275,0,0
4,6003376711,4,9,8,11,1870,36,371,14281,129,133,16,6,400,1,0,0,0
5,6003376711,128,16,5,3,1870,440,344,14144,5,84,17,4,454,3,384,0,1
6,6003376711,129,25,4,18,1870,54,295,12873,87,48,17,1,454,5,0,0,1
7,6003376711,130,15,4,21,1870,12919,548,35307,92,145,24,14,883,5,0,0,1
8,6003376711,131,12,3,10,1870,4824,527,18566,2,142,23,13,788,6,0,0,1
9,6003376711,132,11,1,3,1870,7145,673,29173,44,303,24,13,900,12,0,0,1
0,6003376608,0,5,3,12,1989,1999,600,16848,76,190,24,11,833,4,0,0,0
1,6003376608,1,9,6,15,1989,662,480,12802,97,241,22,3,708,1,0,0,0
2,6003376608,2,5,5,8,1989,153,457,12497,12,179,23,8,754,2,0,0,0
3,6003376608,3,13,12,1,1989,0,284,16732,14,40,18,5,473,1,0,0,0
4,6003376608,4,13,12,0,1989,150,417,27864,105,111,21,7,641,1,0,0,0
5,6003376608,128,12,8,2,1989,233,327,8607,86,53,17,1,441,1,0,0,1
6,6003376608,129,8,10,7,1989,6893,380,16313,83,94,20,4,583,1,1148,0,1
7,6003376608,130,7,8,1,1989,898,448,17655,5,132,21,6,618,1,0,0,1
8,6003376608,131,11,9,3,1989,85,282,7284,50,15,19,4,498,1,5454,0,1
9,6003376608,132,5,2,8,1989,14347,856,50474,46,352,26,20,1015,8,0,0,1
0,6003376603,0,10,4,3,1398,2308,376,12215,110,41,15,9,482,3,1543,0,1
1,6003376603,1,7,1,7,1398,10251,559,7828,72,194,17,3,600,5,0,0,1
2,6003376603,2,8,0,16,1398,1396,555,11293,28,145,18,10,642,18,0,0,1
3,6003376603,3,17,4,1,1398,1654,292,8266,102,13,14,3,420,4,4868,0,1
4,6003376603,4,7,4,8,1398,4246,585,19798,126,130,18,11,659,3,0,0,1
5,6003376603,128,5,8,0,1398,0,212,8931,62,9,10,3,256,0,0,0,0
6,6003376603,129,1,5,6,1398,0,303,6515,44,83,13,5,385,1,0,0,0
7,6003376603,130,2,8,2,1398,0,335,5401,8,124,15,0,475,0,505,0,0
8,6003376603,131,5,9,14,1398,0,280,14055,47,81,12,1,342,0,0,0,0
9,6003376603,132,6,6,0,1398,0,185,6288,13,11,8,3,181,1,0,0,0
0,6003376404,0,3,5,7,1947,0,286,8021,61,105,17,2,444,0,0,0,0
1,6003376404,1,7,19,8,1947,262,230,17582,15,49,13,3,282,0,0,0,0
2,6003376404,2,13,8,17,1947,301,377,26328,3,93,19,10,538,2,0,0,0
3,6003376404,3,12,7,6,1947,489,307,16716,19,96,18,2,483,1,0,0,0
4,6003376404,4,9,7,0,1947,61,313,18289,123,36,15,9,361,2,0,0,0
5,6003376404,128,18,1,13,1947,7215,517,27944,99,230,23,7,728,12,0,0,1
6,6003376404,129,21,5,4,1947,8486,479,20640,104,144,22,10,670,5,3120,0,1
7,6003376404,130,22,2,1,1947,1340,383,16650,9,86,21,9,606,10,0,0,1
8,6003376404,131,19,12,1,1947,112,340,17912,13,52,18,8,485,2,0,0,1
9,6003376404,132,28,7,10,1947,1260,423,27903,86,79,21,11,624,4,2538,0,1
0,6003376307,0,5,1,4,1891,10001,739,31307,46,293,25,15,933,10,0,0,1
1,6003376307,1,18,9,7,1891,2804,284,4854,27,24,15,0,380,1,400,0,1
2,6003376307,2,8,1,4,1891,8564,740,22006,70,364,25,9,922,8,0,0,1
3,6003376307,3,11,12,2,1891,1838,354,14507,59,63,16,7,417,1,230,0,1
4,6003376307,4,10,6,23,1891,401,607,18709,11,215,24,11,824,3,0,0,1
5,6003376307,128,2,6,18,1891,64,430,11177,17,212,20,5,587,1,0,0,0
6,6003376307,129,9,13,2,1891,0,240,7703,71,44,15,3,362,0,100,0,0
7,6003376307,130,7,6,3,1891,246,364,8420,29,132,17,3,456,1,0,0,0
8,6003376307,131,14,10,1,1891,277,203,11155,64,24,15,2,358,1,0,0,0
9,6003376307,132,5,7,11,1891,376,475,19520,8,176,20,15,616,2,753,0,0
0,6003376305,0,5,3,9,1894,10559,686,11172,1,334,22,8,700,3,0,0,1
1,6003376305,1,18,6,16,1894,834,349,17416,119,30,18,8,477,3,992,0,1
2,6003376305,2,23,3,0,1894,678,395,14290,84,71,21,2,649,6,400,0,1
3,6003376305,3,7,0,13,1894,20892,766,44573,56,209,25,25,946,32,0,0,1
4,6003376305,4,12,8,5,1894,5,423,14110,2,173,18,3,505,1,0,0,1
5,6003376305,128,6,10,3,1894,0,274,11932,20,67,15,3,359,0,400,0,0
6,6003376305,129,7,7,10,1894,0,319,12991,9,115,15,4,366,1,0,0,0
7,6003376305,130,7,13,8,1894,0,267,17496,64,24,12,4,270,0,0,0,0
8,6003376305,131,9,6,11,1894,235,373,18341,42,125,16,6,427,2,0,0,0
9,6003376305,132,7,10,3,1894,0,266,10635,26,66,17,3,459,0,0,0,0
0,6003376303,0,19,4,4,1781,3960,368,21013,30,20,19,10,567,5,4286,0,1
1,6003376303,1,17,4,3,1781,6938,468,21404,81,96,19,11,590,5,0,0,1
2,6003376303,2,17,9,4,1781,2967,531,33662,101,50,23,23,818,4,0,0,1
3,6003376303,3,15,6,0,1781,803,303,10912,5,37,18,2,520,2,0,0,1
4,6003376303,4,9,3,6,1781,5196,359,6726,12,92,16,1,427,2,0,0,1
5,6003376303,128,5,11,22,1781,1344,477,20303,11,159,19,10,567,1,0,0,0
6,6003376303,129,13,8,1,1781,0,304,12059,71,75,15,3,372,1,0,0,0
7,6003376303,130,7,10,1,1781,16,216,3038,91,21,15,0,396,0,3888,0,0
8,6003376303,131,7,9,3,1781,0,304,12287,75,40,14,6,364,1,0,0,0
9,6003376303,132,3,9,4,1781,0,359,15364,93,100,16,7,454,1,0,0,0
0,6003376300,0,7,4,12,1704,1943,515,6671,1,239,20,3,661,2,0,0,0
1,6003376300,1,8,6,0,1704,0,239,12748,128,46,14,0,355,1,312,0,0
2,6003376300,2,1,5,9,1704,204,472,28104,106,156,20,8,639,1,0,0,0
3,6003376300,3,3,9,2,1704,0,357,11750,2,137,14,2,357,0,0,0,0
4,6003376300,4,6,10,4,1704,0,180,12300,30,17,11,1,238,0,497,0,0
5,6003376300,128,15,4,9,1704,1767,423,10902,96,141,18,3,550,3,0,0,1
6,6003376300,129,7,1,26,1704,7776,674,21202,93,189,24,17,921,12,0,0,1
7,6003376300,130,17,5,2,1704,1076,301,10042,50,21,16,6,456,3,11509,0,1
8,6003376300,131,17,3,3,1704,637,285,15170,123,37,15,1,398,4,0,0,1
9,6003376300,132,3,1,5,1704,11476,733,30022,94,344,23,7,868,5,0,0,1
0,6003376113,0,14,2,16,1240,3653,477,13992,11,83,15,13,541,9,0,0,1
1,6003376113,1,21,0,0,1240,599,297,7652,19,15,14,6,476,27,348,0,1
2,6003376113,2,7,3,6,1240,2673,309,5553,26,37,12,2,377,2,0,0,1
3,6003376113,3,8,2,5,1240,5323,515,6682,44,98,14,12,478,6,0,0,1
4,6003376113,4,16,2,8,1240,1045,445,11724,104,68,15,10,541,8,731,0,1
5,6003376113,128,1,4,1,1240,0,433,2253,2,27,8,1,182,0,0,0,0
6,6003376113,129,2,13,0,1240,0,226,7790,105,37,7,1,170,0,0,0,0
7,6003376113,130,0,7,6,1240,731,702,19731,52,71,15,7,536,0,0,0,0
8,6003376113,131,4,11,13,1240,80,221,4604,6,29,10,0,283,0,0,1,0
9,6003376113,132,3,11,2,1240,0,154,5195,13,7,6,0,139,0,0,0,0
0,6003376001,0,2,6,5,1417,0,372,7147,50,26,10,5,240,1,680,0,0
1,6003376001,1,6,7,13,1417,0,496,13533,81,62,15,5,488,1,0,0,0
2,6003376001,2,7,2,1,1417,0,283,7139,87,3,9,2,226,3,332,1,0
3,6003376001,3,4,1,12,1417,0,181,1507,67,34,7,0,134,2,0,1,0
4,6003376001,4,4,8,0,1417,0,358,4756,44,44,13,5,366,1,0,0,0
5,6003376001,128,4,4,5,1417,8559,531,11136,12,124,17,5,585,1,0,0,1
6,6003376001,129,4,6,2,1417,1277,288,7961,5,18,13,2,364,0,0,0,1
7,6003376001,130,8,1,7,1417,10191,652,21275,11,143,21,13,847,10,0,0,1
8,6003376001,131,4,3,7,1417,3229,413,3726,17,113,14,1,443,1,0,0,1
9,6003376001,132,7,5,1,1417,2574,362,5226,28,61,11,2,298,1,0,0,1
0,6003375914,0,10,3,5,1146,4224,600,13342,99,101,16,11,678,5,0,0,1
1,6003375914,1,6,2,6,1146,3603,667,19465,11,108,17,17,713,7,0,0,1
2,6003375914,2,7,0,20,1146,7020,710,12995,8,160,17,9,721,16,1594,0,1
3,6003375914,3,24,1,0,1146,1823,309,6590,87,14,12,1,411,12,0,0,1
4,6003375914,4,10,4,1,1146,2005,387,7167,27,36,11,6,376,3,0,0,1
5,6003375914,128,5,11,4,1146,18,397,10685,36,37,14,4,572,0,1080,0,0
6,6003375914,129,0,1,8,1146,0,180,0,16,42,6,0,129,0,0,0,0
7,6003375914,130,2,2,0,1146,98,348,3931,53,100,9,1,280,1,0,0,0
8,6003375914,131,0,19,0,1146,0,183,2896,17,19,8,0,225,0,0,0,0
9,6003375914,132,3,14,0,1146,0,269,9888,33,20,11,3,388,0,0,0,0
0,6003375812,0,4,8,8,1777,1445,390,11442,8,156,18,3,545,0,0,0,0
1,6003375812,1,5,12,0,1777,0,181,6354,26,12,9,1,183,0,0,0,0
2,6003375812,2,4,9,8,1777,0,352,12424,129,102,15,6,409,1,0,0,0
3,6003375812,3,4,6,2,1777,177,279,5869,126,91,14,1,355,0,0,0,0
4,6003375812,4,5,8,11,1777,303,369,11100,93,149,16,2,450,0,0,0,0
5,6003375812,128,18,3,25,1777,2943,545,24113,47,127,22,17,739,8,1705,0,1
6,6003375812,129,18,4,4,1777,771,266,9904,87,7,15,3,378,4,0,0,1
7,6003375812,130,6,1,13,1777,15584,702,18478,42,321,22,8,791,7,0,0,1
8,6003375812,131,15,4,12,1777,2204,515,16186,23,150,20,7,610,4,0,0,1
9,6003375812,132,20,2,3,1777,2044,372,27032,84,38,18,8,545,9,0,0,1
0,6003375714,0,6,0,14,1518,8267,643,22266,11,168,19,17,687,23,0,0,1
1,6003375714,1,14,7,3,1518,1142,235,7678,75,14,11,0,268,1,312,0,1
2,6003375714,2,15,2,9,1518,1594,422,14526,2,71,16,10,513,8,0,0,1
3,6003375714,3,5,0,9,1518,10474,592,17406,54,209,21,8,827,13,0,0,1
4,6003375714,4,13,3,3,1518,1476,314,6430,50,61,15,2,459,3,3755,0,1
5,6003375714,128,0,5,3,1518,0,381,3553,42,144,13,1,383,0,0,0,0
6,6003375714,129,3,10,3,1518,0,209,7551,5,29,10,2,252,0,400,0,0
7,6003375714,130,3,5,3,1518,0,221,4063,44,45,11,1,266,0,0,0,0
8,6003375714,131,1,7,8,1518,0,191,11750,76,32,11,1,269,0,0,0,0
9,6003375714,132,2,10,7,1518,777,298,12635,32,53,13,7,382,0,0,0,0
0,6003375616,0,5,7,7,1786,746,591,25847,94,212,22,10,770,1,0,0,0
1,6003375616,1,7,7,4,1786,238,333,12887,128,83,17,4,499,1,0,0,0
2,6003375616,2,5,9,19,1786,110,365,15758,8,130,16,5,444,1,3941,0,0
3,6003375616,3,8,11,1,1786,36,175,6292,84,7,10,0,187,0,0,0,0
4,6003375616,4,9,8,1,1786,0,239,14654,21,26,15,3,393,1,0,0,0
5,6003375616,128,17,4,6,1786,641,316,12971,9,47,18,4,519,4,0,0,1
6,6003375616,129,9,2,3,1786,3804,491,12071,17,226,20,5,645,4,0,0,1
7,6003375616,130,9,2,12,1786,7380,633,26230,12,230,23,13,793,7,0,0,1
8,6003375616,131,21,7,17,1786,1336,369,21001,129,76,18,7,540,3,0,0,1
9,6003375616,132,14,7,1,1786,311,345,25763,14,19,18,13,511,3,1290,0,1
0,6003375612,0,11,12,6,1777,873,362,21802,43,106,15,4,405,1,0,0,0
1,6003375612,1,3,8,8,1777,0,354,14012,14,81,17,8,473,1,115,0,0
2,6003375612,2,8,10,4,1777,33,288,18927,135,45,13,8,315,1,894,0,0
3,6003375612,3,3,6,7,1777,7304,499,9009,95,244,19,1,590,0,0,0,0
4,6003375612,4,10,13,6,1777,99,223,20809,68,16,14,3,349,0,0,0,0
5,6003375612,128,11,3,4,1777,16371,640,31591,25,221,23,11,819,5,0,0,1
6,6003375612,129,28,6,3,1777,765,312,15870,5,22,18,3,541,4,0,0,1
7,6003375612,130,24,3,3,1777,925,485,25355,16,134,20,11,653,8,0,0,1
8,6003375612,131,26,9,4,1777,1546,315,9686,50,33,18,2,550,2,13071,0,1
9,6003375612,132,16,3,9,1777,4194,664,36650,8,194,23,21,805,9,12946,0,1
0,6003375610,0,19,14,6,2101,335,381,33636,111,93,20,12,519,2,1323,0,0
1,6003375610,1,9,9,8,2101,120,291,20119,30,81,17,5,425,1,3812,0,0
2,6003375610,2,9,14,0,2101,124,241,9314,26,28,15,3,341,0,0,0,0
3,6003375610,3,4,8,10,2101,768,492,19035,48,262,23,5,740,1,0,0,0
4,6003375610,4,15,6,9,2101,311,386,26429,102,103,22,6,666,3,1787,0,0
5,6003375610,128,14,8,1,2101,4697,442,18267,93,123,23,9,681,2,0,0,1
6,6003375610,129,20,5,2,2101,2159,435,21493,2,119,24,8,746,4,0,0,1
7,6003375610,130,20,5,3,2101,1770,405,20924,47,126,23,5,707,4,0,0,1
8,6003375610,131,14,10,5,2101,6856,616,42250,13,196,26,17,867,2,198,0,1
9,6003375610,132,11,6,3,2101,5423,501,23026,28,166,25,10,824,3,0,0,1
0,6003375601,0,11,5,13,1561,7480,560,19384,93,117,19,12,690,3,0,0,1
1,6003375601,1,11,5,3,1561,3704,315,8208,26,23,14,3,377,2,336,0,1
2,6003375601,2,5,0,4,1561,14968,821,25011,46,260,23,13,989,18,0,0,1
3,6003375601,3,17,7,4,1561,1303,281,7456,107,13,13,1,336,2,400,0,1
4,6003375601,4,6,3,6,1561,2679,530,14017,98,181,19,2,646,2,0,0,1
5,6003375601,128,4,5,5,1561,630,433,18413,99,143,18,5,622,1,0,0,0
6,6003375601,129,9,6,8,1561,143,201,7784,20,30,12,1,303,1,400,0,0
7,6003375601,130,6,7,14,1561,560,334,8277,77,104,13,4,368,1,841,0,0
8,6003375601,131,3,5,13,1561,589,444,16301,114,185,16,6,492,1,0,0,0
9,6003375601,132,2,9,3,1561,0,263,8776,121,60,13,4,376,0,0,0,0
0,6003375505,0,14,2,12,1738,3926,503,20472,126,164,20,6,645,6,0,0,1
1,6003375505,1,14,7,2,1738,2488,322,13470,30,27,14,7,378,2,4112,0,1
2,6003375505,2,12,2,8,1738,3660,598,30745,2,199,21,17,730,9,0,0,1
3,6003375505,3,19,4,5,1738,3419,355,14450,21,74,17,1,482,4,0,0,1
4,6003375505,4,11,3,10,1738,10825,564,15913,8,248,18,4,560,3,8366,0,1
5,6003375505,128,2,8,8,1738,876,353,16279,19,122,17,4,490,0,0,0,0
6,6003375505,129,7,7,4,1738,236,421,14856,42,166,16,2,441,1,0,0,0
7,6003375505,130,3,8,2,1738,0,242,9203,50,24,12,3,261,0,3042,0,0
8,6003375505,131,11,9,9,1738,0,294,10122,14,73,15,1,385,1,0,0,0
9,6003375505,132,8,5,0,1738,0,277,12426,128,25,15,5,388,2,324,0,0
0,6003375405,0,5,1,6,1762,12477,759,26661,82,290,26,16,1077,10,0,0,1
1,6003375405,1,4,4,3,1762,1673,538,21263,70,188,19,14,591,3,0,0,1
2,6003375405,2,9,2,13,1762,1686,417,10889,13,116,21,3,684,4,0,0,1
3,6003375405,3,11,4,6,1762,2503,401,16522,38,101,17,6,495,3,0,0,1
4,6003375405,4,11,3,4,1762,1004,281,10706,5,37,16,1,449,3,1196,0,1
5,6003375405,128,5,13,9,1762,0,213,16202,88,16,14,2,333,0,1200,0,0
6,6003375405,129,10,10,0,1762,379,346,23553,96,111,18,1,515,1,0,0,0
7,6003375405,130,1,6,5,1762,0,289,3146,12,93,13,2,307,0,0,0,0
8,6003375405,131,8,7,2,1762,0,266,20035,87,27,16,1,425,1,580,0,0
9,6003375405,132,3,5,3,1762,874,475,29674,11,175,20,8,666,1,0,0,0
0,6003375316,0,5,7,4,1677,1900,490,19556,8,176,18,12,565,2,865,0,0
1,6003375316,1,2,8,43,1677,535,311,10164,104,107,13,1,315,0,360,0,0
2,6003375316,2,3,6,12,1677,323,209,11301,84,36,11,1,255,0,240,0,0
3,6003375316,3,9,7,5,1677,342,309,15133,50,76,16,3,483,1,2250,0,0
4,6003375316,4,0,2,10,1677,393,445,2626,1,238,19,0,626,0,0,0,0
5,6003375316,128,11,6,4,1677,1712,434,14444,2,108,18,5,575,2,0,0,1
6,6003375316,129,14,9,0,1677,0,383,15455,75,33,15,6,428,2,400,0,1
7,6003375316,130,8,1,4,1677,0,265,6886,83,38,14,0,374,4,3130,0,1
8,6003375316,131,5,2,4,1677,2879,443,8082,41,172,19,3,642,2,0,0,1
9,6003375316,132,6,0,20,1677,11746,819,35067,44,280,25,15,1048,21,0,0,1
0,6003375217,0,6,13,18,1758,0,302,11978,48,79,13,4,305,0,0,0,0
1,6003375217,1,8,15,5,1758,135,201,6766,87,12,11,3,240,0,0,0,0
2,6003375217,2,3,5,6,1758,0,428,6521,70,209,19,1,570,0,0,0,0
3,6003375217,3,5,4,15,1758,0,244,12612,123,50,15,2,392,1,0,0,0
4,6003375217,4,5,7,8,1758,33,335,12907,39,97,17,5,484,1,0,0,0
5,6003375217,128,22,0,9,1758,4402,431,10578,53,98,18,5,523,27,0,0,1
6,6003375217,129,9,1,26,1758,9045,613,10476,94,246,21,8,706,8,0,0,1
7,6003375217,130,7,3,13,1758,889,408,14613,129,99,18,7,531,3,0,0,1
8,6003375217,131,9,4,9,1758,5629,656,32500,112,210,23,17,831,5,5097,0,1
9,6003375217,132,22,9,3,1758,1255,341,14836,68,17,19,6,598,2,400,0,1
0,6003375216,0,15,5,17,1827,3503,601,20058,67,202,23,8,801,3,0,0,1
1,6003375216,1,2,3,16,1827,13743,757,5631,11,365,24,4,896,1,0,0,1
2,6003375216,2,8,6,9,1827,407,414,9356,14,95,17,6,483,2,1608,0,1
3,6003375216,3,13,3,2,1827,5646,378,16011,30,40,16,9,426,5,1968,0,1
4,6003375216,4,5,4,8,1827,4537,500,13587,17,148,20,7,628,2,0,0,1
5,6003375216,128,0,5,2,1827,0,205,3234,29,60,8,2,148,0,0,1,0
6,6003375216,129,0,7,11,1827,0,147,3670,87,10,7,1,119,0,0,0,0
7,6003375216,130,4,10,8,1827,0,646,19072,8,122,21,6,700,0,2094,0,0
8,6003375216,131,2,7,1,1827,0,198,6399,36,36,10,1,210,0,350,0,0
9,6003375216,132,2,7,4,1827,200,779,28087,105,150,24,11,892,1,0,0,0
0,6003375210,0,12,1,1,1367,3133,388,12289,19,80,14,3,452,7,0,0,1
1,6003375210,1,6,1,3,1367,4945,457,16600,82,108,16,9,589,7,0,0,1
2,6003375210,2,7,4,0,1367,1005,305,9650,14,31,12,5,337,2,784,0,1
3,6003375210,3,12,1,0,1367,648,340,30102,34,21,13,10,428,11,0,0,1
4,6003375210,4,5,3,6,1367,2297,374,5365,12,95,13,3,400,2,0,0,1
5,6003375210,128,1,1,4,1367,0,685,4644,54,45,11,2,317,1,0,0,0
6,6003375210,129,4,5,4,1367,296,437,13525,43,48,13,3,408,1,0,0,0
7,6003375210,130,3,7,1,1367,0,154,3274,86,3,7,0,141,0,0,1,0
8,6003375210,131,3,9,8,1367,793,268,2487,10,44,10,1,264,0,0,0,0
9,6003375210,132,2,10,14,1367,0,211,7982,68,21,8,1,199,0,0,0,0
0,6003375207,0,6,15,7,2081,97,438,15336,93,174,22,5,641,0,0,0,0
1,6003375207,1,16,10,9,2081,183,344,23044,75,59,20,10,549,2,0,0,0
2,6003375207,2,20,8,3,2081,802,532,57988,43,196,24,13,804,3,0,0,0
3,6003375207,3,17,12,11,2081,124,370,39307,86,103,23,5,699,1,400,0,0
4,6003375207,4,19,9,9,2081,133,430,55124,16,148,22,8,658,2,3289,0,0
5,6003375207,128,19,8,8,2081,1395,381,17095,5,56,21,6,591,2,0,0,1
6,6003375207,129,18,3,1,2081,11913,817,47762,42,303,28,21,1005,9,0,0,1
7,6003375207,130,7,11,5,2081,11908,623,28458,82,204,26,16,968,1,0,0,1
8,6003375207,131,17,8,20,2081,2510,496,27126,96,171,22,7,677,2,0,0,1
9,6003375207,132,15,12,1,2081,597,340,9868,97,61,21,3,591,1,400,0,1
0,6003375115,0,13,8,2,1727,3216,387,13541,49,81,19,5,616,2,0,0,1
1,6003375115,1,16,4,2,1727,219,326,20983,84,44,17,5,475,4,0,0,1
2,6003375115,2,5,5,10,1727,14694,715,43555,82,181,25,25,1021,5,0,0,1
3,6003375115,3,16,6,0,1727,958,345,16733,30,16,17,10,516,3,617,0,1
4,6003375115,4,11,2,2,1727,2950,484,12361,6,210,18,2,566,4,0,0,1
5,6003375115,128,9,7,8,1727,540,447,46305,36,112,20,8,672,2,2246,0,0
6,6003375115,129,6,14,0,1727,0,180,8035,71,15,12,1,288,0,800,0,0
7,6003375115,130,9,7,18,1727,1125,369,11630,54,142,16,3,463,1,0,0,0
8,6003375115,131,11,14,0,1727,459,337,28506,99,93,18,5,547,1,0,0,0
9,6003375115,132,12,5,4,1727,82,405,13622,44,127,18,8,555,3,0,0,0
0,6003375019,0,15,0,0,1644,1859,296,12745,84,43,15,0,431,15,0,0,1
1,6003375019,1,9,2,4,1644,2201,486,15269,21,126,19,9,611,6,0,0,1
2,6003375019,2,9,2,2,1644,1947,347,10831,5,46,14,5,373,4,568,0,1
3,6003375019,3,9,1,14,1644,17176,584,17329,54,162,18,9,572,9,0,0,1
4,6003375019,4,7,3,6,1644,4012,496,13784,96,150,16,5,472,3,0,0,1
5,6003375019,128,0,4,4,1644,549,334,6711,41,133,16,3,459,0,0,0,0
6,6003375019,129,2,2,1,1644,0,184,9365,110,6,9,2,192,1,1682,0,0
7,6003375019,130,4,11,4,1644,0,299,11092,29,97,13,0,321,0,0,0,0
8,6003375019,131,7,5,13,1644,0,276,11548,75,85,12,1,302,1,0,0,0
9,6003375019,132,3,7,0,1644,0,227,7115,64,43,12,2,308,0,0,0,0
0,6003375017,0,8,3,1,2016,252,457,18852,33,221,19,2,525,2,0,0,0
1,6003375017,1,9,13,0,2016,0,292,7231,3,16,15,4,330,0,800,0,0
2,6003375017,2,2,4,25,2016,2278,593,28738,10,229,26,10,856,2,0,0,0
3,6003375017,3,6,13,13,2016,29,378,11883,93,187,21,0,622,0,0,0,0
4,6003375017,4,6,15,9,2016,55,318,18750,47,129,16,1,367,0,0,0,0
5,6003375017,128,13,2,5,2016,13284,619,33471,25,229,26,13,863,8,345,0,1
6,6003375017,129,18,5,16,2016,7064,568,21386,104,234,22,6,681,4,180,0,1
7,6003375017,130,12,5,16,2016,5744,602,19112,44,241,24,9,778,3,400,0,1
8,6003375017,131,19,2,3,2016,370,426,21125,14,82,21,10,586,9,388,0,1
9,6003375017,132,22,3,2,2016,1879,358,14202,75,41,19,8,516,7,1132,0,1
0,6003375016,0,11,6,4,1652,0,265,15744,9,36,15,5,423,2,0,0,0
1,6003375016,1,5,11,7,1652,0,294,11273,29,92,13,1,337,0,0,0,0
2,6003375016,2,5,7,7,1652,426,424,20548,109,160,17,5,537,1,0,0,0
3,6003375016,3,11,9,5,1652,0,368,20528,17,87,19,8,604,1,0,0,0
4,6003375016,4,12,11,5,1652,0,231,10159,100,22,13,3,323,1,0,0,0
5,6003375016,128,19,6,0,1652,1191,300,10123,121,21,15,2,405,3,924,0,1
6,6003375016,129,16,8,0,1652,701,382,13604,14,45,17,9,539,2,4799,0,1
7,6003375016,130,16,3,24,1652,7845,529,22577,74,100,19,15,604,7,0,0,1
8,6003375016,131,19,6,9,1652,3601,493,23483,99,129,19,5,610,3,0,0,1
9,6003375016,132,16,1,7,1652,13344,680,22260,93,198,21,13,723,14,0,0,1
0,6003374912,0,10,3,5,1901,12225,647,29246,42,248,23,7,770,4,0,0,1
1,6003374912,1,18,5,5,1901,1979,494,14472,29,181,19,3,546,3,4511,0,1
2,6003374912,2,18,5,0,1901,719,353,13079,121,44,19,5,542,3,0,0,1
3,6003374912,3,6,3,12,1901,13583,656,28454,6,217,23,15,782,5,0,0,1
4,6003374912,4,18,4,0,1901,1446,287,11237,26,20,18,1,477,3,1532,0,1
5,6003374912,128,5,6,9,1901,2854,400,12515,95,242,18,1,490,0,368,0,0
6,6003374912,129,8,6,1,1901,55,236,9857,50,43,15,1,385,1,5555,0,0
7,6003374912,130,6,9,3,1901,28,236,9531,14,56,12,3,267,0,0,0,0
8,6003374912,131,2,4,14,1901,784,606,28450,11,295,23,13,779,3,0,0,0
9,6003374912,132,9,8,8,1901,2316,369,16339,96,200,18,2,494,1,0,0,0
0,6003374906,0,6,9,16,1903,694,304,10061,21,105,15,1,386,0,0,0,0
1,6003374906,1,3,12,6,1903,473,241,10968,128,39,12,3,256,0,962,0,0
2,6003374906,2,4,7,1,1903,733,294,8968,11,112,15,2,368,0,0,0,0
3,6003374906,3,2,9,11,1903,102,402,3730,93,186,17,1,460,0,0,0,0
4,6003374906,4,2,5,5,1903,395,373,14152,13,173,16,3,398,0,0,0,0
5,6003374906,128,15,3,10,1903,1973,526,17689,16,192,21,12,675,6,0,0,1
6,6003374906,129,17,2,3,1903,9461,517,12853,67,198,21,6,645,7,0,0,1
7,6003374906,130,12,0,1,1903,170,617,30491,34,254,22,10,678,22,411,0,1
8,6003374906,131,18,3,5,1903,1180,314,12148,121,63,18,3,492,5,1116,0,1
9,6003374906,132,14,2,8,1903,2799,479,13374,135,151,20,11,604,8,2694,0,1
0,6003374902,0,9,2,9,1538,2237,431,9015,50,75,16,6,488,5,6295,0,1
1,6003374902,1,3,2,4,1538,10110,737,34103,61,181,22,24,914,9,0,0,1
2,6003374902,2,18,3,1,1538,573,285,3040,57,14,13,0,381,4,2680,0,1
3,6003374902,3,4,4,5,1538,5378,520,10505,102,148,18,3,601,1,430,0,1
4,6003374902,4,19,5,9,1538,10479,604,28097,48,197,19,4,703,3,0,0,1
5,6003374902,128,7,10,10,1538,0,283,19678,75,49,13,6,363,1,0,0,0
6,6003374902,129,5,7,0,1538,0,318,4683,54,108,13,1,347,0,0,0,0
7,6003374902,130,6,8,6,1538,0,306,13853,14,85,15,5,435,1,0,0,0
8,6003374902,131,11,7,12,1538,0,298,6316,41,86,12,2,309,1,0,0,0
9,6003374902,132,9,6,6,1538,435,280,17633,83,81,15,2,437,1,2606,0,0
0,6003374815,0,19,8,3,2053,571,326,14331,33,20,18,6,444,2,0,0,1
1,6003374815,1,27,3,6,2053,3803,522,20021,2,155,24,13,778,10,0,0,1
2,6003374815,2,17,3,9,2053,17163,794,48383,25,205,27,32,978,12,0,0,1
3,6003374815,3,17,7,1,2053,6272,408,11853,42,140,20,5,528,2,0,0,1
4,6003374815,4,32,7,11,2053,1593,378,10056,50,55,21,4,604,4,11312,0,1
5,6003374815,128,12,8,8,2053,540,473,38697,16,176,22,9,687,2,0,0,0
6,6003374815,129,10,11,5,2053,218,229,17114,30,34,16,1,376,0,0,0,0
7,6003374815,130,5,13,0,2053,553,264,10320,129,71,15,5,344,0,0,0,0
8,6003374815,131,7,14,15,2053,1863,382,21889,53,146,19,7,482,0,0,0,0
9,6003374815,132,10,17,6,2053,205,254,11984,11,44,15,5,339,0,0,0,0
0,6003374706,0,29,8,2,1878,1057,358,24114,19,45,20,6,585,3,0,0,1
1,6003374706,1,12,8,8,1878,11523,524,27055,25,146,20,12,602,2,0,0,1
2,6003374706,2,14,4,2,1878,2096,431,20434,98,89,20,11,608,5,400,0,1
3,6003374706,3,11,3,11,1878,5731,640,31840,70,239,25,11,912,5,0,0,1
4,6003374706,4,27,5,8,1878,1678,462,30033,40,101,20,11,579,6,246,0,1
5,6003374706,128,11,6,9,1878,2662,437,23883,104,130,20,9,609,2,780,0,0
6,6003374706,129,7,12,20,1878,0,395,15843,74,125,17,6,441,1,0,0,0
7,6003374706,130,13,16,0,1878,0,206,14232,107,9,13,2,312,0,0,0,0
8,6003374706,131,10,10,5,1878,635,257,8956,27,25,16,3,427,1,0,0,0
9,6003374706,132,9,7,7,1878,772,446,18058,95,177,19,6,571,1,0,0,0
0,6003374608,0,19,3,23,2097,9409,651,35190,9,245,25,17,841,9,0,0,1
1,6003374608,1,18,5,21,2097,3780,485,13894,32,150,21,7,579,4,0,0,1
2,6003374608,2,17,1,11,2097,9770,601,17634,49,240,24,7,804,12,0,0,1
3,6003374608,3,23,8,4,2097,3118,553,19717,62,44,21,13,596,4,0,0,1
4,6003374608,4,23,6,0,2097,436,434,21920,84,74,22,6,634,4,400,0,1
5,6003374608,128,13,10,0,2097,0,275,19389,86,31,19,4,482,1,0,0,0
6,6003374608,129,6,17,0,2097,264,306,17495,25,45,18,8,462,0,800,0,0
7,6003374608,130,5,5,4,2097,1474,594,36518,94,361,24,4,798,1,0,0,0
8,6003374608,131,10,10,9,2097,445,337,13981,28,105,16,5,354,1,0,0,0
9,6003374608,132,8,9,0,2097,396,325,12432,67,140,18,1,446,0,0,0,0
0,6003374606,0,15,1,0,1708,1165,361,10613,9,67,16,2,442,8,0,0,1
1,6003374606,1,4,1,8,1708,8443,784,33319,99,290,25,13,1020,8,0,0,1
2,6003374606,2,11,6,0,1708,191,269,7792,14,21,16,3,451,2,640,0,1
3,6003374606,3,5,3,12,1708,513,471,13321,17,179,18,7,576,3,0,0,1
4,6003374606,4,4,3,11,1708,7898,486,9845,8,184,18,4,568,2,4645,0,1
5,6003374606,128,7,4,12,1708,19,339,10177,36,123,15,3,419,2,1914,0,0
6,6003374606,129,5,5,4,1708,0,296,8535,19,89,15,4,394,1,0,0,0
7,6003374606,130,3,6,4,1708,0,233,7533,68,44,14,4,354,1,0,0,0
8,6003374606,131,0,6,0,1708,0,360,4862,54,172,16,0,435,0,0,0,0
9,6003374606,132,5,8,7,1708,0,285,14692,101,75,14,3,382,0,0,0,0
0,6003374601,0,12,6,1,2141,9025,595,26850,97,242,24,13,754,3,0,0,1
1,6003374601,1,14,7,7,2141,2308,491,17924,2,133,23,10,689,3,0,0,1
2,6003374601,2,12,2,0,2141,1699,535,39056,105,183,23,11,694,7,0,0,1
3,6003374601,3,21,8,0,2141,546,313,31665,84,21,20,4,543,2,400,0,1
4,6003374601,4,15,4,11,2141,17461,598,16167,6,284,23,4,685,3,400,0,1
5,6003374601,128,11,10,5,2141,2489,304,15362,27,60,19,4,468,1,0,0,0
6,6003374601,129,17,11,3,2141,2091,328,16108,49,70,18,5,451,1,0,0,0
7,6003374601,130,8,6,6,2141,298,562,19738,8,297,23,7,719,2,4527,0,0
8,6003374601,131,12,6,3,2141,319,501,17884,129,273,23,4,696,2,933,0,0
9,6003374601,132,9,9,12,2141,107,267,13749,81,81,18,2,426,1,0,0,0
0,6003374502,0,12,4,4,1685,1253,291,11306,100,38,14,2,392,2,0,0,1
1,6003374502,1,16,1,6,1685,1097,293,7641,27,82,15,0,416,8,0,0,1
2,6003374502,2,2,4,18,1685,4971,540,22889,76,166,19,14,610,3,0,0,1
3,6003374502,3,18,4,3,1685,3818,434,14262,96,170,19,1,603,3,0,0,1
4,6003374502,4,7,2,28,1685,10978,710,19536,4,275,21,11,723,6,0,0,1
5,6003374502,128,5,9,3,1685,186,242,9438,128,39,11,3,259,0,800,0,0
6,6003374502,129,4,1,6,1685,0,323,6420,16,111,15,1,430,2,0,0,0
7,6003374502,130,9,6,7,1685,726,359,12770,49,129,15,3,431,1,0,0,0
8,6003374502,131,1,3,8,1685,2049,592,20549,42,288,19,5,602,1,0,0,0
9,6003374502,132,9,9,0,1685,126,267,9626,120,45,13,2,343,1,0,0,0
0,6003374408,0,15,3,9,1669,3873,342,11039,74,71,17,1,512,4,0,0,1
1,6003374408,1,10,0,15,1669,10266,617,19419,6,223,20,9,654,19,400,0,1
2,6003374408,2,20,1,18,1669,7522,480,13092,60,103,20,7,661,13,0,0,1
3,6003374408,3,9,2,6,1669,7352,659,23719,17,203,21,18,709,9,138,0,1
4,6003374408,4,13,2,3,1669,1912,341,11102,25,46,15,2,417,5,0,0,1
5,6003374408,128,5,8,1,1669,0,275,11864,104,94,14,1,389,0,0,0,0
6,6003374408,129,1,5,10,1669,828,336,6061,8,165,15,0,397,0,972,0,0
7,6003374408,130,4,9,0,1669,0,296,6774,70,61,13,3,323,0,0,0,0
8,6003374408,131,2,6,5,1669,35,339,12159,96,129,15,4,437,0,0,0,0
9,6003374408,132,3,11,2,1669,389,188,7042,50,38,10,0,231,0,1511,0,0
0,6003374405,0,30,2,15,2147,8065,603,38460,4,241,26,7,848,12,0,0,1
1,6003374405,1,14,4,11,2147,3988,655,45448,126,213,25,21,839,7,0,0,1
2,6003374405,2,29,1,6,2147,9828,606,31290,114,238,26,13,876,21,0,0,1
3,6003374405,3,20,11,1,2147,0,360,18372,14,59,21,7,580,2,240,0,1
4,6003374405,4,35,6,6,2147,3923,479,31795,64,91,23,9,691,6,0,0,1
5,6003374405,128,6,9,16,2147,54,423,25550,19,195,21,4,574,1,0,0,0
6,6003374405,129,7,13,12,2147,739,325,23362,72,95,20,6,514,0,0,0,0
7,6003374405,130,7,7,3,2147,166,643,23489,73,288,23,2,695,1,0,0,0
8,6003374405,131,8,13,11,2147,0,324,23550,99,91,16,6,374,1,0,0,0
9,6003374405,132,8,18,7,2147,0,271,13760,25,66,14,4,294,0,400,0,0
